-- phpMyAdmin SQL Dump
-- version 4.9.4
-- https://www.phpmyadmin.net/
--
-- Host: localhost:3306
-- Generation Time: Jun 04, 2020 at 12:41 AM
-- Server version: 5.6.41-84.1
-- PHP Version: 7.3.6

SET SQL_MODE = "NO_AUTO_VALUE_ON_ZERO";
SET AUTOCOMMIT = 0;
START TRANSACTION;
SET time_zone = "+00:00";


/*!40101 SET @OLD_CHARACTER_SET_CLIENT=@@CHARACTER_SET_CLIENT */;
/*!40101 SET @OLD_CHARACTER_SET_RESULTS=@@CHARACTER_SET_RESULTS */;
/*!40101 SET @OLD_COLLATION_CONNECTION=@@COLLATION_CONNECTION */;
/*!40101 SET NAMES utf8mb4 */;

--
-- Database: `covidmg_bd`
--

-- --------------------------------------------------------

--
-- Table structure for table `alerta`
--

CREATE TABLE `alerta` (
  `idAlerta` int(11) NOT NULL,
  `idMunicipio` int(11) NOT NULL,
  `emailAlerta` varchar(150) NOT NULL,
  `dataAlerta` datetime NOT NULL,
  `tituloAlerta` varchar(100) NOT NULL,
  `conteudoAlerta` text NOT NULL,
  `created_at` datetime NOT NULL,
  `updated_at` datetime NOT NULL,
  `deleted_at` datetime NOT NULL
) ENGINE=InnoDB DEFAULT CHARSET=utf8;

-- --------------------------------------------------------

--
-- Table structure for table `caso`
--

CREATE TABLE `caso` (
  `idCaso` int(11) NOT NULL,
  `idMunicipio` int(11) NOT NULL,
  `idUsuario` int(11) NOT NULL,
  `fonteCaso` varchar(150) NOT NULL,
  `dataCaso` date DEFAULT NULL,
  `suspeitosCaso` varchar(45) DEFAULT NULL,
  `confirmadosCaso` varchar(45) DEFAULT NULL,
  `descartadosCaso` varchar(45) DEFAULT NULL,
  `obitosCaso` varchar(45) DEFAULT NULL,
  `recuperadosCaso` varchar(45) DEFAULT NULL,
  `created_at` datetime NOT NULL,
  `updated_at` datetime NOT NULL,
  `deleted_at` datetime NOT NULL
) ENGINE=InnoDB DEFAULT CHARSET=utf8;

--
-- Dumping data for table `caso`
--

INSERT INTO `caso` (`idCaso`, `idMunicipio`, `idUsuario`, `fonteCaso`, `dataCaso`, `suspeitosCaso`, `confirmadosCaso`, `descartadosCaso`, `obitosCaso`, `recuperadosCaso`, `created_at`, `updated_at`, `deleted_at`) VALUES
(14, 5, 6, 'Prefeitura de Guidoval ', '2020-05-26', '0', '0', '19', '0', '0', '2020-05-30 09:50:41', '2020-05-30 09:51:38', '0000-00-00 00:00:00'),
(17, 16, 6, 'Prefeitura de Tocantins', '2020-05-29', '24', '4', '104', '0', '1', '2020-05-30 09:54:28', '2020-05-30 09:54:28', '0000-00-00 00:00:00'),
(18, 17, 6, 'Prefeitura de Ubá', '2020-05-30', '8', '66', '0', '2', '45', '2020-05-30 09:57:51', '2020-06-01 20:28:22', '0000-00-00 00:00:00'),
(19, 17, 6, 'Facebook da Prefeitura de Visconde do Rio Branco', '2020-05-29', '0', '7', '49', '0', '5', '2020-05-30 09:58:38', '2020-05-30 09:59:02', '2020-05-30 09:59:02'),
(20, 6, 6, 'Prefeitura de Visconde do Rio Branco', '2020-05-29', '0', '7', '49', '0', '5', '2020-05-30 09:59:33', '2020-05-30 09:59:33', '0000-00-00 00:00:00'),
(22, 23, 7, 'https://www.facebook.com/pmcpoficial/', '2020-05-29', '2', '1', '5', '0', '', '2020-05-30 10:40:11', '2020-05-30 10:40:39', '0000-00-00 00:00:00'),
(23, 1, 10, 'https://www.facebook.com/PrefAstolfoDutra/photos/a.1786446528332154/2542764436033689/?type=3&theater', '2020-05-29', '73', '11', '7', '0', '4', '2020-05-30 10:41:04', '2020-05-30 10:41:04', '0000-00-00 00:00:00'),
(28, 38, 7, 'https://pt-br.facebook.com/prefeituramunicipaldepiau/photos/a.1736517056677186/2557334671262083/?type=3&theater', '2020-05-22', '5', '0', '13', '0', '', '2020-05-30 10:44:59', '2020-05-30 10:44:59', '0000-00-00 00:00:00'),
(29, 44, 10, 'https://www.facebook.com/561920750577953/photos/pb.561920750577953.-2207520000../2583165411786800/?type=3&theater', '2020-05-29', '35', '34', '114', '1', '16', '2020-05-30 10:45:30', '2020-05-30 10:45:30', '0000-00-00 00:00:00'),
(31, 41, 7, 'https://pt-br.facebook.com/prefeituradesimaopereira/photos/pb.1314185798654633.-2207520000../3952185808187939/?type=3&theater', '2020-05-20', '2', '1', '3', '0', '0', '2020-05-30 10:46:50', '2020-05-30 10:46:50', '0000-00-00 00:00:00'),
(32, 47, 10, 'https://www.facebook.com/100574188269392/photos/rpp.100574188269392/136024321391045/?type=3&theater', '2020-05-23', '5', '0', '1', '0', '0', '2020-05-30 10:52:56', '2020-05-30 10:52:56', '0000-00-00 00:00:00'),
(33, 39, 10, 'https://www.facebook.com/PrefeituraOL/photos/pcb.2874101435991356/2874100469324786/?type=3&theater', '2020-05-27', '2', '2', '1', '0', '0', '2020-05-30 10:56:35', '2020-05-30 10:56:35', '0000-00-00 00:00:00'),
(34, 4, 12, 'teste de sistema', '2020-05-30', '0', '2', '0', '0', '0', '2020-05-30 11:12:46', '2020-05-30 11:13:45', '2020-05-30 11:13:45'),
(35, 4, 12, '', '0000-00-00', '', '1', '', '0', '', '2020-05-30 11:13:56', '2020-05-30 11:14:15', '2020-05-30 11:14:15'),
(37, 15, 12, 'https://www.facebook.com/prefeitura.saogeraldo/', '2020-05-26', '4', '1', '19', '', '', '2020-05-30 11:30:34', '2020-05-30 11:31:22', '2020-05-30 11:31:22'),
(38, 2, 12, 'https://www.facebook.com/prefeitura.saogeraldo/', '2020-05-26', '4', '1', '19', '', '', '2020-05-30 11:36:30', '2020-05-30 12:08:08', '2020-05-30 12:08:08'),
(39, 3, 12, 'https://www.instagram.com/p/CAdrkErpDFB/?utm_source=ig_web_copy_link', '2020-05-21', '1', '0', '13', '', '', '2020-05-30 12:00:56', '2020-05-30 12:00:56', '0000-00-00 00:00:00'),
(40, 2, 12, '', '2020-05-26', '4', '1', '19', '', '', '2020-05-30 12:09:53', '2020-05-30 12:10:03', '2020-05-30 12:10:03'),
(41, 2, 12, 'https://www.facebook.com/prefeitura.saogeraldo/', '2020-05-26', '4', '1', '19', '', '', '2020-05-30 12:10:40', '2020-05-30 13:45:41', '2020-05-30 13:45:41'),
(42, 4, 12, '', '0000-00-00', '2', '1', '3', '5', '4', '2020-05-30 12:31:45', '2020-05-30 12:31:51', '2020-05-30 12:31:51'),
(43, 15, 12, 'https://www.facebook.com/319807681471511/photos/a.319945154791097/2957705457681707/?type=3&theater', '2020-05-29', '3', '0', '10', '', '', '2020-05-30 13:13:38', '2020-05-30 13:18:01', '0000-00-00 00:00:00'),
(44, 10, 8, 'https://www.instagram.com/riopombamg/', '2020-03-22', '2', '0', '0', '0', '0', '2020-05-30 13:29:26', '2020-05-31 18:31:24', '0000-00-00 00:00:00'),
(45, 10, 8, 'https://www.instagram.com/riopombamg/', '2020-04-02', '8', '0', '0', '0', '0', '2020-05-30 13:30:06', '2020-05-31 18:35:17', '0000-00-00 00:00:00'),
(46, 10, 8, '', '2020-04-03', '8', '1', '', '', '', '2020-05-30 13:30:31', '2020-05-31 18:35:34', '2020-05-31 18:35:34'),
(47, 10, 8, 'https://www.instagram.com/riopombamg/', '2020-04-04', '9', '0', '0', '0', '0', '2020-05-30 13:32:34', '2020-05-31 18:35:52', '0000-00-00 00:00:00'),
(48, 10, 8, '', '2020-04-07', '10', '1', '', '', '', '2020-05-30 13:34:18', '2020-05-31 18:36:12', '2020-05-31 18:36:12'),
(49, 10, 8, 'https://www.instagram.com/riopombamg/', '2020-04-15', '10', '0', '2', '0', '0', '2020-05-30 13:36:46', '2020-05-31 18:38:46', '0000-00-00 00:00:00'),
(50, 10, 8, 'https://www.instagram.com/riopombamg/', '2020-04-27', '10', '0', '3', '0', '0', '2020-05-30 13:37:34', '2020-05-31 18:39:59', '0000-00-00 00:00:00'),
(51, 10, 8, 'https://www.instagram.com/riopombamg/', '2020-04-29', '9', '0', '4', '0', '0', '2020-05-30 13:37:55', '2020-05-31 18:40:33', '0000-00-00 00:00:00'),
(52, 10, 8, '', '2020-05-01', '15', '', '', '', '', '2020-05-30 13:38:33', '2020-05-30 13:38:41', '2020-05-30 13:38:41'),
(53, 10, 8, '', '2020-05-04', '16', '1', '', '', '', '2020-05-30 13:39:24', '2020-05-31 18:42:42', '2020-05-31 18:42:42'),
(54, 10, 8, '', '2020-05-05', '10', '0', '7', '0', '0', '2020-05-30 13:39:45', '2020-05-31 18:44:22', '0000-00-00 00:00:00'),
(55, 10, 8, 'https://www.instagram.com/riopombamg/', '2020-05-06', '8', '1', '9', '0', '0', '2020-05-30 13:40:03', '2020-05-31 18:45:15', '0000-00-00 00:00:00'),
(56, 10, 8, 'https://www.instagram.com/riopombamg/', '2020-05-14', '5', '3', '13', '1', '2', '2020-05-30 13:41:22', '2020-05-31 18:52:24', '0000-00-00 00:00:00'),
(57, 10, 8, 'https://www.instagram.com/riopombamg/', '2020-05-15', '9', '3', '13', '1', '2', '2020-05-30 13:41:41', '2020-05-31 18:55:47', '0000-00-00 00:00:00'),
(58, 2, 12, 'https://www.facebook.com/prefeitura.saogeraldo/photos/a.521884961212419/3125941350806754/?type=3&theater', '2020-05-26', '4', '1', '19', '', '', '2020-05-30 13:47:36', '2020-05-30 13:47:36', '0000-00-00 00:00:00'),
(59, 10, 8, 'https://www.instagram.com/riopombamg/', '2020-05-18', '12', '3', '16', '1', '2', '2020-05-30 13:49:49', '2020-05-31 18:54:23', '0000-00-00 00:00:00'),
(60, 10, 8, 'https://www.instagram.com/riopombamg/', '2020-05-20', '12', '3', '17', '1', '2', '2020-05-30 13:50:16', '2020-05-31 18:55:31', '0000-00-00 00:00:00'),
(61, 10, 8, 'https://www.instagram.com/riopombamg/', '2020-05-21', '13', '3', '17', '1', '3', '2020-05-30 13:50:31', '2020-05-31 18:56:33', '0000-00-00 00:00:00'),
(62, 10, 8, 'https://www.instagram.com/riopombamg/', '2020-05-22', '14', '3', '19', '1', '3', '2020-05-30 13:50:44', '2020-05-31 18:57:29', '0000-00-00 00:00:00'),
(63, 10, 8, 'https://www.instagram.com/riopombamg/', '2020-05-24', '15', '3', '20', '1', '3', '2020-05-30 13:51:11', '2020-05-31 18:58:30', '0000-00-00 00:00:00'),
(64, 10, 8, 'https://www.instagram.com/riopombamg/', '2020-05-29', '3', '3', '33', '1', '3', '2020-05-30 13:51:24', '2020-05-31 19:01:29', '0000-00-00 00:00:00'),
(65, 10, 8, '', '2020-04-01', '', '1', '', '', '', '2020-05-30 13:54:23', '2020-05-30 14:06:43', '2020-05-30 14:06:43'),
(66, 10, 8, '', '2020-05-06', '', '1', '', '', '', '2020-05-30 13:58:02', '2020-05-30 14:07:11', '2020-05-30 14:07:11'),
(67, 10, 8, 'https://www.instagram.com/riopombamg/', '2020-05-11', '6', '1', '11', '0', '1', '2020-05-30 13:58:45', '2020-05-31 18:49:53', '0000-00-00 00:00:00'),
(68, 10, 8, '', '2020-05-14', '22', '3', '', '', '', '2020-05-30 13:59:04', '2020-05-31 18:52:38', '2020-05-31 18:52:38'),
(69, 21, 13, 'https://www.instagram.com/prefeituralimaduarte/', '2020-05-29', '11', '19', '7', '0', '20', '2020-05-30 14:20:28', '2020-06-01 20:01:00', '0000-00-00 00:00:00'),
(70, 37, 13, 'https://www.facebook.com/Secretaria-de-Sa%C3%BAde-Rio-Preto-MG-107982777564060/', '2020-05-25', '0', '0', '3', '0', '0', '2020-05-30 14:23:03', '2020-05-30 14:23:03', '0000-00-00 00:00:00'),
(71, 43, 13, 'https://www.sjnepomuceno.mg.gov.br/principal', '2020-05-29', '1', '8', '88', '1', '2', '2020-05-30 14:25:54', '2020-06-01 19:53:07', '0000-00-00 00:00:00'),
(72, 9, 8, 'https://pt-br.facebook.com/municipio.pirauba/', '2020-05-29', '18', '6', '20', '0', '2', '2020-05-30 21:10:41', '2020-05-31 19:56:49', '0000-00-00 00:00:00'),
(73, 10, 8, 'https://www.instagram.com/riopombamg/?hl=pt-br', '2020-05-30', '4', '3', '33', '1', '3', '2020-05-30 21:12:18', '2020-05-31 18:16:58', '0000-00-00 00:00:00'),
(74, 8, 8, 'https://www.facebook.com/prefeiturademerces/', '2020-05-28', '0', '0', '68', '0', '0', '2020-05-30 21:17:02', '2020-05-31 19:58:23', '0000-00-00 00:00:00'),
(75, 11, 8, 'https://www.facebook.com/prefeituradetabuleiro/', '2020-05-29', '1', '2', '1', '0', '2', '2020-05-30 21:18:31', '2020-06-01 21:05:03', '0000-00-00 00:00:00'),
(76, 12, 8, 'https://www.facebook.com/Prefeitura-Municipal-de-Silveir%C3%A2nia', '2020-05-08', '0', '0', '1', '0', '0', '2020-05-30 21:21:50', '2020-06-02 18:23:14', '0000-00-00 00:00:00'),
(77, 10, 8, 'https://www.instagram.com/riopombamg/?hl=pt-br', '2020-05-31', '4', '3', '33', '1', '3', '2020-05-31 18:14:57', '2020-05-31 18:17:12', '2020-05-31 18:17:12'),
(78, 10, 8, 'https://www.instagram.com/riopombamg/?hl=pt-br', '2020-03-17', '0', '0', '0', '0', '0', '2020-05-31 18:25:27', '2020-05-31 18:29:27', '2020-05-31 18:29:27'),
(79, 10, 8, '', '2020-02-26', '0', '0', '0', '0', '0', '2020-05-31 18:29:22', '2020-05-31 19:24:39', '2020-05-31 19:24:39'),
(80, 10, 8, 'https://www.instagram.com/riopombamg/', '2020-03-27', '4', '0', '0', '0', '0', '2020-05-31 18:32:45', '2020-05-31 18:32:45', '0000-00-00 00:00:00'),
(81, 10, 8, 'https://www.instagram.com/riopombamg/', '2020-03-29', '6', '0', '0', '0', '0', '2020-05-31 18:33:39', '2020-05-31 18:33:39', '0000-00-00 00:00:00'),
(82, 10, 8, 'https://www.instagram.com/riopombamg/', '2020-04-07', '10', '0', '0', '0', '0', '2020-05-31 18:36:39', '2020-05-31 18:36:39', '0000-00-00 00:00:00'),
(83, 10, 8, '', '2020-04-08', '9', '0', '1', '0', '0', '2020-05-31 18:37:23', '2020-05-31 18:37:23', '0000-00-00 00:00:00'),
(84, 10, 8, 'https://www.instagram.com/riopombamg/', '2020-04-12', '8', '0', '2', '0', '0', '2020-05-31 18:38:04', '2020-05-31 18:38:04', '0000-00-00 00:00:00'),
(85, 10, 8, 'https://www.instagram.com/riopombamg/', '2020-04-30', '10', '0', '5', '0', '0', '2020-05-31 18:41:16', '2020-05-31 18:41:16', '0000-00-00 00:00:00'),
(86, 10, 8, 'https://www.instagram.com/riopombamg/', '2020-05-01', '8', '0', '7', '0', '0', '2020-05-31 18:41:47', '2020-05-31 18:41:47', '0000-00-00 00:00:00'),
(87, 10, 8, 'https://www.instagram.com/riopombamg/', '2020-05-07', '7', '1', '10', '0', '0', '2020-05-31 18:46:16', '2020-05-31 18:46:16', '0000-00-00 00:00:00'),
(88, 10, 8, 'https://www.instagram.com/riopombamg/', '2020-05-12', '8', '2', '11', '0', '1', '2020-05-31 18:48:49', '2020-05-31 19:08:28', '0000-00-00 00:00:00'),
(89, 10, 8, 'https://www.instagram.com/riopombamg/', '2020-05-13', '5', '4', '12', '0', '2', '2020-05-31 18:49:29', '2020-05-31 18:50:19', '0000-00-00 00:00:00'),
(90, 10, 8, 'https://www.instagram.com/riopombamg/', '2020-05-23', '14', '3', '20', '1', '3', '2020-05-31 18:58:05', '2020-05-31 18:58:05', '0000-00-00 00:00:00'),
(91, 10, 8, 'https://www.instagram.com/riopombamg/', '2020-05-25', '9', '3', '26', '1', '3', '2020-05-31 18:59:11', '2020-05-31 18:59:11', '0000-00-00 00:00:00'),
(92, 10, 8, 'https://www.instagram.com/riopombamg/', '2020-05-27', '7', '3', '28', '1', '3', '2020-05-31 19:00:17', '2020-05-31 19:00:17', '0000-00-00 00:00:00'),
(93, 10, 8, 'https://www.instagram.com/riopombamg/', '2020-05-28', '5', '3', '30', '1', '3', '2020-05-31 19:00:54', '2020-05-31 19:00:54', '0000-00-00 00:00:00'),
(94, 15, 12, 'https://www.facebook.com/pages/category/City/Prefeitura-de-Guarani-MG-319807681471511/', '2020-05-30', '3', '0', '10', '', '', '2020-06-01 12:37:58', '2020-06-01 12:37:58', '0000-00-00 00:00:00'),
(95, 15, 12, 'https://www.facebook.com/319807681471511/photos/a.319945154791097/2963131150472471/?type=3&theater', '2020-05-31', '4', '0', '10', '', '', '2020-06-01 12:40:11', '2020-06-02 11:42:52', '0000-00-00 00:00:00'),
(97, 56, 15, 'https://www.facebook.com/prefsChiador/', '2020-05-23', '51', '13', '38', '', '', '2020-06-01 13:33:09', '2020-06-01 13:33:09', '0000-00-00 00:00:00'),
(98, 52, 15, 'https://www.facebook.com/photo?fbid=1474043486134375&set=a.1396222920583099', '2020-05-31', '37', '36', '', '2', '31', '2020-06-01 13:35:46', '2020-06-01 20:44:49', '0000-00-00 00:00:00'),
(99, 22, 15, 'https://www.facebook.com/photo/?fbid=736014340272181&set=a.170151256858495', '2020-05-29', '1', '1', '3', '', '', '2020-06-01 13:39:59', '2020-06-01 13:39:59', '0000-00-00 00:00:00'),
(100, 50, 7, 'https://covid19.pjf.mg.gov.br/arquivos/', '2020-05-31', '4569', '615', NULL, '32', NULL, '0000-00-00 00:00:00', '0000-00-00 00:00:00', '0000-00-00 00:00:00'),
(101, 50, 7, 'https://covid19.pjf.mg.gov.br/arquivos/', '2020-05-30', '4579', '615', NULL, '32', NULL, '0000-00-00 00:00:00', '0000-00-00 00:00:00', '0000-00-00 00:00:00'),
(102, 50, 7, 'https://covid19.pjf.mg.gov.br/arquivos/', '2020-05-29', '4558', '613', NULL, '32', NULL, '0000-00-00 00:00:00', '0000-00-00 00:00:00', '0000-00-00 00:00:00'),
(103, 50, 7, 'https://covid19.pjf.mg.gov.br/arquivos/', '2020-05-28', '4470', '603', NULL, '31', NULL, '0000-00-00 00:00:00', '0000-00-00 00:00:00', '0000-00-00 00:00:00'),
(104, 50, 7, 'https://covid19.pjf.mg.gov.br/arquivos/', '2020-05-27', '4390', '597', NULL, '31', NULL, '0000-00-00 00:00:00', '0000-00-00 00:00:00', '0000-00-00 00:00:00'),
(105, 50, 7, 'https://covid19.pjf.mg.gov.br/arquivos/', '2020-05-26', '4256', '573', NULL, '29', NULL, '0000-00-00 00:00:00', '0000-00-00 00:00:00', '0000-00-00 00:00:00'),
(106, 50, 7, 'https://covid19.pjf.mg.gov.br/arquivos/', '2020-05-25', '4168', '554', NULL, '29', NULL, '0000-00-00 00:00:00', '0000-00-00 00:00:00', '0000-00-00 00:00:00'),
(107, 50, 7, 'https://covid19.pjf.mg.gov.br/arquivos/', '2020-05-24', '4052', '553', NULL, '27', NULL, '0000-00-00 00:00:00', '0000-00-00 00:00:00', '0000-00-00 00:00:00'),
(108, 50, 7, 'https://covid19.pjf.mg.gov.br/arquivos/', '2020-05-23', '4026', '553', NULL, '27', NULL, '0000-00-00 00:00:00', '0000-00-00 00:00:00', '0000-00-00 00:00:00'),
(109, 50, 7, 'https://covid19.pjf.mg.gov.br/arquivos/', '2020-05-22', '3994', '541', NULL, '27', NULL, '0000-00-00 00:00:00', '0000-00-00 00:00:00', '0000-00-00 00:00:00'),
(110, 50, 7, 'https://covid19.pjf.mg.gov.br/arquivos/', '2020-05-21', '3895', '518', NULL, '26', NULL, '0000-00-00 00:00:00', '0000-00-00 00:00:00', '0000-00-00 00:00:00'),
(111, 50, 7, 'https://covid19.pjf.mg.gov.br/arquivos/', '2020-05-20', '3807', '505', NULL, '26', NULL, '0000-00-00 00:00:00', '0000-00-00 00:00:00', '0000-00-00 00:00:00'),
(112, 50, 7, 'https://covid19.pjf.mg.gov.br/arquivos/', '2020-05-19', '3686', '475', NULL, '25', NULL, '0000-00-00 00:00:00', '0000-00-00 00:00:00', '0000-00-00 00:00:00'),
(113, 50, 7, 'https://covid19.pjf.mg.gov.br/arquivos/', '2020-05-18', '3567', '465', NULL, '25', NULL, '0000-00-00 00:00:00', '0000-00-00 00:00:00', '0000-00-00 00:00:00'),
(114, 50, 7, 'https://covid19.pjf.mg.gov.br/arquivos/', '2020-05-17', '3495', '427', NULL, '23', NULL, '0000-00-00 00:00:00', '0000-00-00 00:00:00', '0000-00-00 00:00:00'),
(115, 50, 7, 'https://covid19.pjf.mg.gov.br/arquivos/', '2020-05-16', '3472', '442', NULL, '23', NULL, '0000-00-00 00:00:00', '0000-00-00 00:00:00', '0000-00-00 00:00:00'),
(116, 50, 7, 'https://covid19.pjf.mg.gov.br/arquivos/', '2020-05-15', '3435', '418', NULL, '23', NULL, '0000-00-00 00:00:00', '0000-00-00 00:00:00', '0000-00-00 00:00:00'),
(117, 50, 7, 'https://covid19.pjf.mg.gov.br/arquivos/', '2020-05-14', '3310', '417', NULL, '22', NULL, '0000-00-00 00:00:00', '0000-00-00 00:00:00', '0000-00-00 00:00:00'),
(118, 50, 7, 'https://covid19.pjf.mg.gov.br/arquivos/', '2020-05-12', '3107', '392', NULL, '21', NULL, '0000-00-00 00:00:00', '0000-00-00 00:00:00', '0000-00-00 00:00:00'),
(119, 50, 7, 'https://covid19.pjf.mg.gov.br/arquivos/', '2020-05-11', '3008', '346', NULL, '18', NULL, '0000-00-00 00:00:00', '0000-00-00 00:00:00', '0000-00-00 00:00:00'),
(120, 50, 7, 'https://covid19.pjf.mg.gov.br/arquivos/', '2020-05-10', '2921', '329', '', '17', '', '0000-00-00 00:00:00', '2020-06-01 13:49:03', '0000-00-00 00:00:00'),
(121, 50, 7, 'https://covid19.pjf.mg.gov.br/arquivos/', '2020-05-09', '2883', '328', NULL, '17', NULL, '0000-00-00 00:00:00', '0000-00-00 00:00:00', '0000-00-00 00:00:00'),
(122, 50, 7, 'https://covid19.pjf.mg.gov.br/arquivos/', '2020-05-08', '2847', '311', NULL, '17', NULL, '0000-00-00 00:00:00', '0000-00-00 00:00:00', '0000-00-00 00:00:00'),
(123, 50, 7, 'https://covid19.pjf.mg.gov.br/arquivos/', '2020-05-07', '2786', '296', NULL, '15', NULL, '0000-00-00 00:00:00', '0000-00-00 00:00:00', '0000-00-00 00:00:00'),
(124, 50, 7, 'https://covid19.pjf.mg.gov.br/arquivos/', '2020-05-06', '2680', '264', NULL, '13', NULL, '0000-00-00 00:00:00', '0000-00-00 00:00:00', '0000-00-00 00:00:00'),
(125, 50, 7, 'https://covid19.pjf.mg.gov.br/arquivos/', '2020-05-05', '2563', '239', NULL, '13', NULL, '0000-00-00 00:00:00', '0000-00-00 00:00:00', '0000-00-00 00:00:00'),
(126, 50, 7, 'https://covid19.pjf.mg.gov.br/arquivos/', '2020-05-04', '2454', '216', NULL, '9', NULL, '0000-00-00 00:00:00', '0000-00-00 00:00:00', '0000-00-00 00:00:00'),
(127, 50, 7, 'https://covid19.pjf.mg.gov.br/arquivos/', '2020-05-03', '2376', '216', NULL, '6', NULL, '0000-00-00 00:00:00', '0000-00-00 00:00:00', '0000-00-00 00:00:00'),
(128, 50, 7, 'https://covid19.pjf.mg.gov.br/arquivos/', '2020-05-02', '2327', '216', NULL, '6', NULL, '0000-00-00 00:00:00', '0000-00-00 00:00:00', '0000-00-00 00:00:00'),
(129, 50, 7, 'https://covid19.pjf.mg.gov.br/arquivos/', '2020-05-01', '2286', '214', NULL, '6', NULL, '0000-00-00 00:00:00', '0000-00-00 00:00:00', '0000-00-00 00:00:00'),
(130, 50, 7, 'https://covid19.pjf.mg.gov.br/arquivos/', '2020-04-29', '2203', '152', NULL, '6', NULL, '0000-00-00 00:00:00', '0000-00-00 00:00:00', '0000-00-00 00:00:00'),
(131, 50, 7, 'https://covid19.pjf.mg.gov.br/arquivos/', '2020-04-28', '1920', '139', NULL, '6', NULL, '0000-00-00 00:00:00', '0000-00-00 00:00:00', '0000-00-00 00:00:00'),
(132, 50, 7, 'https://covid19.pjf.mg.gov.br/arquivos/', '2020-04-27', '1795', '129', NULL, '6', NULL, '0000-00-00 00:00:00', '0000-00-00 00:00:00', '0000-00-00 00:00:00'),
(133, 50, 7, 'https://covid19.pjf.mg.gov.br/arquivos/', '2020-04-26', '1756', '128', NULL, '5', NULL, '0000-00-00 00:00:00', '0000-00-00 00:00:00', '0000-00-00 00:00:00'),
(134, 50, 7, 'https://covid19.pjf.mg.gov.br/arquivos/', '2020-04-25', '1732', '128', NULL, '5', NULL, '0000-00-00 00:00:00', '0000-00-00 00:00:00', '0000-00-00 00:00:00'),
(135, 50, 7, 'https://covid19.pjf.mg.gov.br/arquivos/', '2020-04-24', '1718', '128', NULL, '5', NULL, '0000-00-00 00:00:00', '0000-00-00 00:00:00', '0000-00-00 00:00:00'),
(136, 50, 7, 'https://covid19.pjf.mg.gov.br/arquivos/', '2020-04-23', '1649', '118', NULL, '4', NULL, '0000-00-00 00:00:00', '0000-00-00 00:00:00', '0000-00-00 00:00:00'),
(137, 50, 7, 'https://covid19.pjf.mg.gov.br/arquivos/', '2020-04-22', '1577', '113', NULL, '2', NULL, '0000-00-00 00:00:00', '0000-00-00 00:00:00', '0000-00-00 00:00:00'),
(138, 50, 7, 'https://covid19.pjf.mg.gov.br/arquivos/', '2020-04-21', '1517', '105', NULL, '2', NULL, '0000-00-00 00:00:00', '0000-00-00 00:00:00', '0000-00-00 00:00:00'),
(139, 50, 7, 'https://covid19.pjf.mg.gov.br/arquivos/', '2020-04-20', '1506', '105', NULL, '2', NULL, '0000-00-00 00:00:00', '0000-00-00 00:00:00', '0000-00-00 00:00:00'),
(140, 50, 7, 'https://covid19.pjf.mg.gov.br/arquivos/', '2020-04-19', '1440', '104', NULL, '2', NULL, '0000-00-00 00:00:00', '0000-00-00 00:00:00', '0000-00-00 00:00:00'),
(141, 50, 7, 'https://covid19.pjf.mg.gov.br/arquivos/', '2020-04-18', '1439', '104', NULL, '2', NULL, '0000-00-00 00:00:00', '0000-00-00 00:00:00', '0000-00-00 00:00:00'),
(142, 50, 7, 'https://covid19.pjf.mg.gov.br/arquivos/', '2020-04-17', '1434', '104', NULL, '2', NULL, '0000-00-00 00:00:00', '0000-00-00 00:00:00', '0000-00-00 00:00:00'),
(143, 50, 7, 'https://covid19.pjf.mg.gov.br/arquivos/', '2020-04-16', '1389', '99', NULL, '2', NULL, '0000-00-00 00:00:00', '0000-00-00 00:00:00', '0000-00-00 00:00:00'),
(144, 50, 7, 'https://covid19.pjf.mg.gov.br/arquivos/', '2020-04-15', '1321', '93', NULL, '2', NULL, '0000-00-00 00:00:00', '0000-00-00 00:00:00', '0000-00-00 00:00:00'),
(145, 50, 7, 'https://covid19.pjf.mg.gov.br/arquivos/', '2020-04-14', '1274', '92', NULL, '2', NULL, '0000-00-00 00:00:00', '0000-00-00 00:00:00', '0000-00-00 00:00:00'),
(146, 50, 7, 'https://covid19.pjf.mg.gov.br/arquivos/', '2020-04-12', '1139', '74', NULL, '2', NULL, '0000-00-00 00:00:00', '0000-00-00 00:00:00', '0000-00-00 00:00:00'),
(147, 50, 7, 'https://covid19.pjf.mg.gov.br/arquivos/', '2020-04-11', '1136', '73', NULL, '1', NULL, '0000-00-00 00:00:00', '0000-00-00 00:00:00', '0000-00-00 00:00:00'),
(148, 50, 7, 'https://covid19.pjf.mg.gov.br/arquivos/', '2020-04-10', '1124', '73', NULL, '1', NULL, '0000-00-00 00:00:00', '0000-00-00 00:00:00', '0000-00-00 00:00:00'),
(149, 50, 7, 'https://covid19.pjf.mg.gov.br/arquivos/', '2020-04-09', '1104', '67', NULL, '1', NULL, '0000-00-00 00:00:00', '0000-00-00 00:00:00', '0000-00-00 00:00:00'),
(150, 50, 7, 'https://covid19.pjf.mg.gov.br/arquivos/', '2020-04-08', '1085', '58', NULL, '1', NULL, '0000-00-00 00:00:00', '0000-00-00 00:00:00', '0000-00-00 00:00:00'),
(151, 50, 7, 'https://covid19.pjf.mg.gov.br/arquivos/', '2020-04-07', '1030', '49', NULL, '0', NULL, '0000-00-00 00:00:00', '0000-00-00 00:00:00', '0000-00-00 00:00:00'),
(152, 50, 7, 'https://covid19.pjf.mg.gov.br/arquivos/', '2020-04-06', '879', '46', NULL, '0', NULL, '0000-00-00 00:00:00', '0000-00-00 00:00:00', '0000-00-00 00:00:00'),
(153, 50, 7, 'https://covid19.pjf.mg.gov.br/arquivos/', '2020-04-05', '833', '41', NULL, '0', NULL, '0000-00-00 00:00:00', '0000-00-00 00:00:00', '0000-00-00 00:00:00'),
(154, 50, 7, 'https://covid19.pjf.mg.gov.br/arquivos/', '2020-04-04', '831', '40', NULL, '0', NULL, '0000-00-00 00:00:00', '0000-00-00 00:00:00', '0000-00-00 00:00:00'),
(155, 50, 7, 'https://covid19.pjf.mg.gov.br/arquivos/', '2020-04-03', '807', '40', NULL, '0', NULL, '0000-00-00 00:00:00', '0000-00-00 00:00:00', '0000-00-00 00:00:00'),
(156, 50, 7, 'https://covid19.pjf.mg.gov.br/arquivos/', '2020-04-02', '668', '35', NULL, '0', NULL, '0000-00-00 00:00:00', '0000-00-00 00:00:00', '0000-00-00 00:00:00'),
(157, 50, 7, 'https://covid19.pjf.mg.gov.br/arquivos/', '2020-04-01', '449', '32', NULL, '0', NULL, '0000-00-00 00:00:00', '0000-00-00 00:00:00', '0000-00-00 00:00:00'),
(158, 50, 7, 'https://covid19.pjf.mg.gov.br/arquivos/', '2020-03-31', '351', '31', NULL, '0', NULL, '0000-00-00 00:00:00', '0000-00-00 00:00:00', '0000-00-00 00:00:00'),
(159, 50, 7, 'https://covid19.pjf.mg.gov.br/arquivos/', '2020-03-30', '269', '27', NULL, '0', NULL, '0000-00-00 00:00:00', '0000-00-00 00:00:00', '0000-00-00 00:00:00'),
(160, 50, 7, 'https://covid19.pjf.mg.gov.br/arquivos/', '2020-03-27', '246', '27', NULL, '0', NULL, '0000-00-00 00:00:00', '0000-00-00 00:00:00', '0000-00-00 00:00:00'),
(161, 50, 7, 'https://covid19.pjf.mg.gov.br/arquivos/', '2020-03-26', '201', '26', NULL, '0', NULL, '0000-00-00 00:00:00', '0000-00-00 00:00:00', '0000-00-00 00:00:00'),
(162, 19, 15, 'https://www.belmirobraga.mg.gov.br/2020/05/13/nota-de-esclarecimento/', '2020-05-13', '', '1', '1', '1', '', '2020-06-01 13:48:41', '2020-06-01 13:48:41', '0000-00-00 00:00:00'),
(163, 50, 7, 'https://covid19.pjf.mg.gov.br/view.php?modo=link2&idnoticia2=68206', '2020-06-01', '4698', '647', '', '34', '', '2020-06-01 17:23:11', '2020-06-01 17:23:11', '0000-00-00 00:00:00'),
(164, 10, 8, 'https://www.instagram.com/riopombamg/?hl=pt-br', '2020-06-01', '5', '7', '35', '1', '3', '2020-06-01 19:07:43', '2020-06-01 19:08:14', '0000-00-00 00:00:00'),
(165, 2, 12, 'https://www.facebook.com/prefeitura.saogeraldo/videos/282635646242656/', '2020-06-01', '4', '2', '19', '', '', '2020-06-01 19:56:10', '2020-06-01 19:56:10', '0000-00-00 00:00:00'),
(166, 3, 12, 'https://www.instagram.com/p/CAdrkErpDFB/', '2020-05-21', '1', '0', '13', '', '', '2020-06-01 19:58:41', '2020-06-01 19:58:41', '0000-00-00 00:00:00'),
(167, 43, 13, 'https://www.sjnepomuceno.mg.gov.br/principal', '2020-06-01', '2', '10', '89', '1', '2', '2020-06-01 19:59:07', '2020-06-01 19:59:07', '0000-00-00 00:00:00'),
(168, 21, 13, 'https://www.instagram.com/prefeituralimaduarte/?hl=pt-br', '2020-06-01', '9', '20', '7', '0', '26', '2020-06-01 20:02:09', '2020-06-01 20:02:09', '0000-00-00 00:00:00'),
(169, 51, 13, 'http://barbacena.mg.gov.br/2/', '2020-06-01', '1177', '279', '313', '4', '198', '2020-06-01 20:15:37', '2020-06-01 20:15:37', '0000-00-00 00:00:00'),
(170, 13, 6, 'Instagram da Prefeitura de Rodeiro', '2020-06-01', '0', '12', '37', '0', '10', '2020-06-01 20:23:45', '2020-06-01 20:23:45', '0000-00-00 00:00:00'),
(171, 7, 6, 'Facebook da Prefeitura de Guiricema', '2020-06-01', '0', '0', '15', '0', '0', '2020-06-01 20:25:02', '2020-06-01 20:25:02', '0000-00-00 00:00:00'),
(172, 16, 6, 'Facebook da Prefeitura de Tocantins', '2020-06-01', '21', '7', '118', '0', '1', '2020-06-01 20:26:22', '2020-06-01 20:26:22', '0000-00-00 00:00:00'),
(173, 16, 6, '', '0000-00-00', '3', '70', '289', '2', '50', '2020-06-01 20:27:56', '2020-06-01 20:29:15', '2020-06-01 20:29:15'),
(174, 17, 6, 'Prefeitura da Cidade de Ubá', '2020-06-01', '3', '70', '0', '2', '50', '2020-06-01 20:30:46', '2020-06-01 20:31:10', '0000-00-00 00:00:00'),
(175, 20, 14, 'Instagram da prefeitura de Bias Fortes', '2020-06-01', '0', '0', '', '', '7', '2020-06-01 20:32:53', '2020-06-01 20:32:53', '0000-00-00 00:00:00'),
(176, 46, 14, 'Facebook da prefeitura de Santa Rita do Jacutinga', '2020-05-31', '2', '2', '3', '0', '2', '2020-06-01 21:08:39', '2020-06-01 21:08:39', '0000-00-00 00:00:00'),
(226, 33, 7, 'https://www.bicas.mg.gov.br/materias ', '2020-06-01', '2', '3', '28', '0', '1', '0000-00-00 00:00:00', '0000-00-00 00:00:00', '0000-00-00 00:00:00'),
(227, 33, 7, 'https://www.bicas.mg.gov.br/materias ', '2020-05-29', '1', '3', '26', '0', '1', '0000-00-00 00:00:00', '0000-00-00 00:00:00', '0000-00-00 00:00:00'),
(228, 33, 7, 'https://www.bicas.mg.gov.br/materias ', '2020-05-28', '1', '2', '26', '0', '1', '0000-00-00 00:00:00', '0000-00-00 00:00:00', '0000-00-00 00:00:00'),
(229, 33, 7, 'https://www.bicas.mg.gov.br/materias ', '2020-05-26', '2', '2', '25', '0', '1', '0000-00-00 00:00:00', '0000-00-00 00:00:00', '0000-00-00 00:00:00'),
(230, 33, 7, 'https://www.bicas.mg.gov.br/materias ', '2020-05-21', '7', '2', '20', '0', '1', '0000-00-00 00:00:00', '0000-00-00 00:00:00', '0000-00-00 00:00:00'),
(231, 33, 7, 'https://www.bicas.mg.gov.br/materias ', '2020-05-20', '8', '2', '19', '0', '1', '0000-00-00 00:00:00', '0000-00-00 00:00:00', '0000-00-00 00:00:00'),
(232, 33, 7, 'https://www.bicas.mg.gov.br/materias ', '2020-05-19', '10', '2', '18', '0', '1', '0000-00-00 00:00:00', '0000-00-00 00:00:00', '0000-00-00 00:00:00'),
(233, 33, 7, 'https://www.bicas.mg.gov.br/materias ', '2020-05-18', '8', '1', '18', '0', '1', '0000-00-00 00:00:00', '0000-00-00 00:00:00', '0000-00-00 00:00:00'),
(234, 33, 7, 'https://www.bicas.mg.gov.br/materias ', '2020-05-13', '14', '1', '9', '0', '1', '0000-00-00 00:00:00', '0000-00-00 00:00:00', '0000-00-00 00:00:00'),
(235, 33, 7, 'https://www.bicas.mg.gov.br/materias ', '2020-05-12', '11', '1', '9', '0', '1', '0000-00-00 00:00:00', '0000-00-00 00:00:00', '0000-00-00 00:00:00'),
(236, 33, 7, 'https://www.bicas.mg.gov.br/materias ', '2020-05-11', '11', '1', '9', '0', '1', '0000-00-00 00:00:00', '0000-00-00 00:00:00', '0000-00-00 00:00:00'),
(237, 33, 7, 'https://www.bicas.mg.gov.br/materias ', '2020-05-10', '11', '1', '8', '0', '1', '0000-00-00 00:00:00', '0000-00-00 00:00:00', '0000-00-00 00:00:00'),
(238, 33, 7, 'https://www.bicas.mg.gov.br/materias ', '2020-05-09', '10', '1', '8', '0', '', '0000-00-00 00:00:00', '0000-00-00 00:00:00', '0000-00-00 00:00:00'),
(239, 33, 7, 'https://www.bicas.mg.gov.br/materias ', '2020-05-08', '10', '1', '8', '0', '', '0000-00-00 00:00:00', '0000-00-00 00:00:00', '0000-00-00 00:00:00'),
(240, 33, 7, 'https://www.bicas.mg.gov.br/materias ', '2020-05-07', '10', '1', '8', '0', '', '0000-00-00 00:00:00', '0000-00-00 00:00:00', '0000-00-00 00:00:00'),
(241, 33, 7, 'https://www.bicas.mg.gov.br/materias ', '2020-04-29', '4', '1', '7', '0', '', '0000-00-00 00:00:00', '0000-00-00 00:00:00', '0000-00-00 00:00:00'),
(242, 33, 7, 'https://www.bicas.mg.gov.br/materias ', '2020-04-28', '7', '1', '3', '0', '', '0000-00-00 00:00:00', '0000-00-00 00:00:00', '0000-00-00 00:00:00'),
(243, 33, 7, 'https://www.bicas.mg.gov.br/materias ', '2020-04-27', '7', '1', '3', '0', '', '0000-00-00 00:00:00', '0000-00-00 00:00:00', '0000-00-00 00:00:00'),
(244, 33, 7, 'https://www.bicas.mg.gov.br/materias ', '2020-04-24', '1', '1', '9', '0', '', '0000-00-00 00:00:00', '0000-00-00 00:00:00', '0000-00-00 00:00:00'),
(245, 33, 7, 'https://www.bicas.mg.gov.br/materias ', '2020-04-23', '2', '1', '7', '0', '', '0000-00-00 00:00:00', '0000-00-00 00:00:00', '0000-00-00 00:00:00'),
(246, 33, 7, 'https://www.bicas.mg.gov.br/materias ', '2020-04-22', '2', '0', '7', '0', '', '0000-00-00 00:00:00', '0000-00-00 00:00:00', '0000-00-00 00:00:00'),
(247, 33, 7, 'https://www.bicas.mg.gov.br/materias ', '2020-04-21', '2', '0', '7', '0', '', '0000-00-00 00:00:00', '0000-00-00 00:00:00', '0000-00-00 00:00:00'),
(248, 33, 7, 'https://www.bicas.mg.gov.br/materias ', '2020-04-20', '2', '0', '7', '0', '', '0000-00-00 00:00:00', '0000-00-00 00:00:00', '0000-00-00 00:00:00'),
(249, 33, 7, 'https://www.bicas.mg.gov.br/materias ', '2020-04-19', '2', '0', '6', '0', '', '0000-00-00 00:00:00', '0000-00-00 00:00:00', '0000-00-00 00:00:00'),
(250, 33, 7, 'https://www.bicas.mg.gov.br/materias ', '2020-04-18', '2', '0', '6', '0', '', '0000-00-00 00:00:00', '0000-00-00 00:00:00', '0000-00-00 00:00:00'),
(251, 33, 7, 'https://www.bicas.mg.gov.br/materias ', '2020-04-17', '1', '0', '6', '0', '', '0000-00-00 00:00:00', '0000-00-00 00:00:00', '0000-00-00 00:00:00'),
(252, 33, 7, 'https://www.bicas.mg.gov.br/materias ', '2020-04-16', '1', '0', '6', '0', '', '0000-00-00 00:00:00', '0000-00-00 00:00:00', '0000-00-00 00:00:00'),
(253, 33, 7, 'https://www.bicas.mg.gov.br/materias ', '2020-04-15', '1', '0', '6', '0', '', '0000-00-00 00:00:00', '0000-00-00 00:00:00', '0000-00-00 00:00:00'),
(254, 33, 7, 'https://www.bicas.mg.gov.br/materias ', '2020-04-14', '1', '0', '6', '0', '', '0000-00-00 00:00:00', '0000-00-00 00:00:00', '0000-00-00 00:00:00'),
(255, 33, 7, 'https://www.bicas.mg.gov.br/materias ', '2020-04-13', '1', '0', '6', '0', '', '0000-00-00 00:00:00', '0000-00-00 00:00:00', '0000-00-00 00:00:00'),
(256, 33, 7, 'https://www.bicas.mg.gov.br/materias ', '2020-04-12', '1', '0', '6', '0', '', '0000-00-00 00:00:00', '0000-00-00 00:00:00', '0000-00-00 00:00:00'),
(257, 33, 7, 'https://www.bicas.mg.gov.br/materias ', '2020-04-11', '1', '0', '6', '0', '', '0000-00-00 00:00:00', '0000-00-00 00:00:00', '0000-00-00 00:00:00'),
(258, 33, 7, 'https://www.bicas.mg.gov.br/materias ', '2020-04-09', '1', '0', '6', '0', '', '0000-00-00 00:00:00', '0000-00-00 00:00:00', '0000-00-00 00:00:00'),
(259, 33, 7, 'https://www.bicas.mg.gov.br/materias ', '2020-04-08', '1', '0', '6', '0', '', '0000-00-00 00:00:00', '0000-00-00 00:00:00', '0000-00-00 00:00:00'),
(260, 33, 7, 'https://www.bicas.mg.gov.br/materias ', '2020-04-07', '1', '0', '6', '0', '', '0000-00-00 00:00:00', '0000-00-00 00:00:00', '0000-00-00 00:00:00'),
(261, 33, 7, 'https://www.bicas.mg.gov.br/materias ', '2020-04-06', '4', '0', '3', '0', '', '0000-00-00 00:00:00', '0000-00-00 00:00:00', '0000-00-00 00:00:00'),
(262, 33, 7, 'https://www.bicas.mg.gov.br/materias ', '2020-04-05', '3', '0', '3', '0', '', '0000-00-00 00:00:00', '0000-00-00 00:00:00', '0000-00-00 00:00:00'),
(263, 33, 7, 'https://www.bicas.mg.gov.br/materias ', '2020-04-04', '2', '0', '3', '0', '', '0000-00-00 00:00:00', '0000-00-00 00:00:00', '0000-00-00 00:00:00'),
(264, 33, 7, 'https://www.bicas.mg.gov.br/materias ', '2020-04-03', '2', '0', '3', '0', '', '0000-00-00 00:00:00', '0000-00-00 00:00:00', '0000-00-00 00:00:00'),
(265, 33, 7, 'https://www.bicas.mg.gov.br/materias ', '2020-04-02', '2', '0', '3', '0', '', '0000-00-00 00:00:00', '0000-00-00 00:00:00', '0000-00-00 00:00:00'),
(266, 33, 7, 'https://www.bicas.mg.gov.br/materias ', '2020-04-01', '1', '0', '3', '0', '', '0000-00-00 00:00:00', '0000-00-00 00:00:00', '0000-00-00 00:00:00'),
(267, 33, 7, 'https://www.bicas.mg.gov.br/materias ', '2020-03-31', '1', '0', '3', '0', '', '0000-00-00 00:00:00', '0000-00-00 00:00:00', '0000-00-00 00:00:00'),
(268, 33, 7, 'https://www.bicas.mg.gov.br/materias ', '2020-03-30', '1', '0', '3', '0', '', '0000-00-00 00:00:00', '0000-00-00 00:00:00', '0000-00-00 00:00:00'),
(269, 33, 7, 'https://www.bicas.mg.gov.br/materias ', '2020-03-27', '1', '0', '3', '0', '', '0000-00-00 00:00:00', '0000-00-00 00:00:00', '0000-00-00 00:00:00'),
(270, 33, 7, 'https://www.bicas.mg.gov.br/materias ', '2020-03-26', '1', '0', '3', '0', '', '0000-00-00 00:00:00', '0000-00-00 00:00:00', '0000-00-00 00:00:00'),
(271, 33, 7, 'https://www.bicas.mg.gov.br/materias ', '2020-03-25', '1', '0', '3', '0', '', '0000-00-00 00:00:00', '0000-00-00 00:00:00', '0000-00-00 00:00:00'),
(272, 33, 7, 'https://www.bicas.mg.gov.br/materias ', '2020-03-23', '0', '0', '3', '0', '', '0000-00-00 00:00:00', '0000-00-00 00:00:00', '0000-00-00 00:00:00'),
(273, 33, 7, 'https://www.bicas.mg.gov.br/materias ', '2020-03-22', '0', '0', '3', '0', '', '0000-00-00 00:00:00', '0000-00-00 00:00:00', '0000-00-00 00:00:00'),
(274, 33, 7, 'https://www.bicas.mg.gov.br/materias ', '2020-03-20', '3', '0', '0', '0', '', '0000-00-00 00:00:00', '0000-00-00 00:00:00', '0000-00-00 00:00:00'),
(275, 23, 7, 'https://www.facebook.com/pmcpoficial/?hc_ref=ARQP5VrBajgbW0MSvIFbKDhTEqSNjqzmrKJWP2oszy1Q8qgFK2MDrutbB2YKjyRbN7w&fref=nf&__xts__%5B0%5D=68.ARCPwo_1WhS', '2020-05-14', '4', '0', '4', '0', '', '2020-06-01 22:22:59', '2020-06-01 22:22:59', '0000-00-00 00:00:00'),
(276, 31, 7, 'https://pt-br.facebook.com/PrefeituraMunicipalDeGoiana/', '2020-05-22', '0', '2', '8', '0', '', '0000-00-00 00:00:00', '0000-00-00 00:00:00', '0000-00-00 00:00:00'),
(277, 31, 7, 'https://pt-br.facebook.com/PrefeituraMunicipalDeGoiana/', '2020-05-19', '1', '2', '7', '0', '', '0000-00-00 00:00:00', '0000-00-00 00:00:00', '0000-00-00 00:00:00'),
(278, 31, 7, 'https://pt-br.facebook.com/PrefeituraMunicipalDeGoiana/', '2020-05-18', '3', '2', '5', '0', '', '0000-00-00 00:00:00', '0000-00-00 00:00:00', '0000-00-00 00:00:00'),
(279, 31, 7, 'https://pt-br.facebook.com/PrefeituraMunicipalDeGoiana/', '2020-05-14', '2', '2', '5', '0', '', '0000-00-00 00:00:00', '0000-00-00 00:00:00', '0000-00-00 00:00:00'),
(280, 31, 7, 'https://pt-br.facebook.com/PrefeituraMunicipalDeGoiana/', '2020-05-13', '1', '2', '5', '0', '', '0000-00-00 00:00:00', '0000-00-00 00:00:00', '0000-00-00 00:00:00'),
(281, 31, 7, 'https://pt-br.facebook.com/PrefeituraMunicipalDeGoiana/', '2020-04-23', '0', '2', '5', '0', '', '0000-00-00 00:00:00', '0000-00-00 00:00:00', '0000-00-00 00:00:00'),
(282, 31, 7, 'https://pt-br.facebook.com/PrefeituraMunicipalDeGoiana/', '2020-04-20', '1', '2', '4', '0', '', '0000-00-00 00:00:00', '0000-00-00 00:00:00', '0000-00-00 00:00:00'),
(283, 31, 7, 'https://pt-br.facebook.com/PrefeituraMunicipalDeGoiana/', '2020-04-16', '0', '2', '4', '0', '', '0000-00-00 00:00:00', '0000-00-00 00:00:00', '0000-00-00 00:00:00'),
(284, 31, 7, 'https://pt-br.facebook.com/PrefeituraMunicipalDeGoiana/', '2020-04-13', '1', '2', '3', '0', '', '0000-00-00 00:00:00', '0000-00-00 00:00:00', '0000-00-00 00:00:00'),
(285, 31, 7, 'https://pt-br.facebook.com/PrefeituraMunicipalDeGoiana/', '2020-04-11', '1', '0', '3', '0', '', '0000-00-00 00:00:00', '0000-00-00 00:00:00', '0000-00-00 00:00:00'),
(286, 31, 7, 'https://pt-br.facebook.com/PrefeituraMunicipalDeGoiana/', '2020-03-31', '3', '0', '1', '0', '', '0000-00-00 00:00:00', '0000-00-00 00:00:00', '0000-00-00 00:00:00'),
(287, 26, 7, 'https://www.facebook.com/Prefeituramunicipalmatiasbarbosa/', '2020-06-01', '18', '5', '64', '', NULL, '0000-00-00 00:00:00', '0000-00-00 00:00:00', '0000-00-00 00:00:00'),
(288, 26, 7, 'https://www.facebook.com/Prefeituramunicipalmatiasbarbosa/', '2020-05-31', '17', '4', '64', '', NULL, '0000-00-00 00:00:00', '0000-00-00 00:00:00', '0000-00-00 00:00:00'),
(289, 26, 7, 'https://www.facebook.com/Prefeituramunicipalmatiasbarbosa/', '2020-05-30', '17', '4', '64', '', NULL, '0000-00-00 00:00:00', '0000-00-00 00:00:00', '0000-00-00 00:00:00'),
(290, 26, 7, 'https://www.facebook.com/Prefeituramunicipalmatiasbarbosa/', '2020-05-29', '17', '4', '64', '', NULL, '0000-00-00 00:00:00', '0000-00-00 00:00:00', '0000-00-00 00:00:00'),
(291, 26, 7, 'https://www.facebook.com/Prefeituramunicipalmatiasbarbosa/', '2020-05-28', '13', '4', '64', '', NULL, '0000-00-00 00:00:00', '0000-00-00 00:00:00', '0000-00-00 00:00:00'),
(292, 26, 7, 'https://www.facebook.com/Prefeituramunicipalmatiasbarbosa/', '2020-05-27', '3', '3', '64', '', NULL, '0000-00-00 00:00:00', '0000-00-00 00:00:00', '0000-00-00 00:00:00'),
(293, 26, 7, 'https://www.facebook.com/Prefeituramunicipalmatiasbarbosa/', '2020-05-26', '5', '3', '62', '', NULL, '0000-00-00 00:00:00', '0000-00-00 00:00:00', '0000-00-00 00:00:00'),
(294, 26, 7, 'https://www.facebook.com/Prefeituramunicipalmatiasbarbosa/', '2020-05-25', '5', '3', '62', '', NULL, '0000-00-00 00:00:00', '0000-00-00 00:00:00', '0000-00-00 00:00:00'),
(295, 26, 7, 'https://www.facebook.com/Prefeituramunicipalmatiasbarbosa/', '2020-05-24', '6', '3', '58', '', NULL, '0000-00-00 00:00:00', '0000-00-00 00:00:00', '0000-00-00 00:00:00'),
(296, 26, 7, 'https://www.facebook.com/Prefeituramunicipalmatiasbarbosa/', '2020-05-23', '7', '3', '55', '', NULL, '0000-00-00 00:00:00', '0000-00-00 00:00:00', '0000-00-00 00:00:00'),
(297, 26, 7, 'https://www.facebook.com/Prefeituramunicipalmatiasbarbosa/', '2020-05-22', '7', '3', '55', '', NULL, '0000-00-00 00:00:00', '0000-00-00 00:00:00', '0000-00-00 00:00:00'),
(298, 26, 7, 'https://www.facebook.com/Prefeituramunicipalmatiasbarbosa/', '2020-05-21', '8', '3', '51', '', NULL, '0000-00-00 00:00:00', '0000-00-00 00:00:00', '0000-00-00 00:00:00'),
(299, 26, 7, 'https://www.facebook.com/Prefeituramunicipalmatiasbarbosa/', '2020-05-20', '9', '2', '47', '', NULL, '0000-00-00 00:00:00', '0000-00-00 00:00:00', '0000-00-00 00:00:00'),
(300, 26, 7, 'https://www.facebook.com/Prefeituramunicipalmatiasbarbosa/', '2020-05-19', '10', '1', '47', '', NULL, '0000-00-00 00:00:00', '0000-00-00 00:00:00', '0000-00-00 00:00:00'),
(301, 26, 7, 'https://www.facebook.com/Prefeituramunicipalmatiasbarbosa/', '2020-05-18', '10', '1', '43', '', NULL, '0000-00-00 00:00:00', '0000-00-00 00:00:00', '0000-00-00 00:00:00'),
(302, 26, 7, 'https://www.facebook.com/Prefeituramunicipalmatiasbarbosa/', '2020-05-17', '10', '1', '43', '', NULL, '0000-00-00 00:00:00', '0000-00-00 00:00:00', '0000-00-00 00:00:00'),
(303, 26, 7, 'https://www.facebook.com/Prefeituramunicipalmatiasbarbosa/', '2020-05-16', '11', '0', '43', '', NULL, '0000-00-00 00:00:00', '0000-00-00 00:00:00', '0000-00-00 00:00:00'),
(304, 26, 7, 'https://www.facebook.com/Prefeituramunicipalmatiasbarbosa/', '2020-05-15', '11', '0', '43', '', NULL, '0000-00-00 00:00:00', '0000-00-00 00:00:00', '0000-00-00 00:00:00'),
(305, 26, 7, 'https://www.facebook.com/Prefeituramunicipalmatiasbarbosa/', '2020-05-14', '11', '0', '43', '', NULL, '0000-00-00 00:00:00', '0000-00-00 00:00:00', '0000-00-00 00:00:00'),
(306, 26, 7, 'https://www.facebook.com/Prefeituramunicipalmatiasbarbosa/', '2020-05-13', '9', '0', '42', '', NULL, '0000-00-00 00:00:00', '0000-00-00 00:00:00', '0000-00-00 00:00:00'),
(307, 26, 7, 'https://www.facebook.com/Prefeituramunicipalmatiasbarbosa/', '2020-05-12', '9', '0', '42', '', NULL, '0000-00-00 00:00:00', '0000-00-00 00:00:00', '0000-00-00 00:00:00'),
(308, 26, 7, 'https://www.facebook.com/Prefeituramunicipalmatiasbarbosa/', '2020-05-11', '8', '0', '42', '', NULL, '0000-00-00 00:00:00', '0000-00-00 00:00:00', '0000-00-00 00:00:00'),
(309, 26, 7, 'https://www.facebook.com/Prefeituramunicipalmatiasbarbosa/', '2020-05-10', '8', '0', '40', '', NULL, '0000-00-00 00:00:00', '0000-00-00 00:00:00', '0000-00-00 00:00:00'),
(310, 26, 7, 'https://www.facebook.com/Prefeituramunicipalmatiasbarbosa/', '2020-05-09', '8', '0', '40', '', NULL, '0000-00-00 00:00:00', '0000-00-00 00:00:00', '0000-00-00 00:00:00'),
(311, 26, 7, 'https://www.facebook.com/Prefeituramunicipalmatiasbarbosa/', '2020-05-08', '8', '0', '40', '', NULL, '0000-00-00 00:00:00', '0000-00-00 00:00:00', '0000-00-00 00:00:00'),
(312, 26, 7, 'https://www.facebook.com/Prefeituramunicipalmatiasbarbosa/', '2020-05-07', '7', '0', '40', '', NULL, '0000-00-00 00:00:00', '0000-00-00 00:00:00', '0000-00-00 00:00:00'),
(313, 26, 7, 'https://www.facebook.com/Prefeituramunicipalmatiasbarbosa/', '2020-05-06', '5', '0', '39', '', NULL, '0000-00-00 00:00:00', '0000-00-00 00:00:00', '0000-00-00 00:00:00'),
(314, 26, 7, 'https://www.facebook.com/Prefeituramunicipalmatiasbarbosa/', '2020-05-05', '42', '1', '38', '', NULL, '0000-00-00 00:00:00', '0000-00-00 00:00:00', '0000-00-00 00:00:00'),
(315, 26, 7, 'https://www.facebook.com/Prefeituramunicipalmatiasbarbosa/', '2020-05-04', '40', '1', '36', '', NULL, '0000-00-00 00:00:00', '0000-00-00 00:00:00', '0000-00-00 00:00:00'),
(316, 26, 7, 'https://www.facebook.com/Prefeituramunicipalmatiasbarbosa/', '2020-05-03', '38', '1', '34', '', NULL, '0000-00-00 00:00:00', '0000-00-00 00:00:00', '0000-00-00 00:00:00'),
(317, 26, 7, 'https://www.facebook.com/Prefeituramunicipalmatiasbarbosa/', '2020-05-02', '38', '1', '34', '', NULL, '0000-00-00 00:00:00', '0000-00-00 00:00:00', '0000-00-00 00:00:00'),
(318, 26, 7, 'https://www.facebook.com/Prefeituramunicipalmatiasbarbosa/', '2020-05-01', '38', '1', '34', '', NULL, '0000-00-00 00:00:00', '0000-00-00 00:00:00', '0000-00-00 00:00:00'),
(319, 26, 7, 'https://www.facebook.com/Prefeituramunicipalmatiasbarbosa/', '2020-04-30', '38', '1', '34', '', NULL, '0000-00-00 00:00:00', '0000-00-00 00:00:00', '0000-00-00 00:00:00'),
(320, 26, 7, 'https://www.facebook.com/Prefeituramunicipalmatiasbarbosa/', '2020-04-29', '37', '0', '32', '', NULL, '0000-00-00 00:00:00', '0000-00-00 00:00:00', '0000-00-00 00:00:00'),
(321, 26, 7, 'https://www.facebook.com/Prefeituramunicipalmatiasbarbosa/', '2020-04-28', '36', '0', '32', '', NULL, '0000-00-00 00:00:00', '0000-00-00 00:00:00', '0000-00-00 00:00:00'),
(322, 26, 7, 'https://www.facebook.com/Prefeituramunicipalmatiasbarbosa/', '2020-04-27', '36', '0', '32', '', NULL, '0000-00-00 00:00:00', '0000-00-00 00:00:00', '0000-00-00 00:00:00'),
(323, 26, 7, 'https://www.facebook.com/Prefeituramunicipalmatiasbarbosa/', '2020-04-26', '36', '0', '31', '', NULL, '0000-00-00 00:00:00', '0000-00-00 00:00:00', '0000-00-00 00:00:00'),
(324, 26, 7, 'https://www.facebook.com/Prefeituramunicipalmatiasbarbosa/', '2020-04-25', '35', '0', '31', '', NULL, '0000-00-00 00:00:00', '0000-00-00 00:00:00', '0000-00-00 00:00:00'),
(325, 26, 7, 'https://www.facebook.com/Prefeituramunicipalmatiasbarbosa/', '2020-04-24', '35', '0', '31', '', NULL, '0000-00-00 00:00:00', '0000-00-00 00:00:00', '0000-00-00 00:00:00'),
(326, 26, 7, 'https://www.facebook.com/Prefeituramunicipalmatiasbarbosa/', '2020-04-23', '34', '0', '31', '', NULL, '0000-00-00 00:00:00', '0000-00-00 00:00:00', '0000-00-00 00:00:00'),
(327, 26, 7, 'https://www.facebook.com/Prefeituramunicipalmatiasbarbosa/', '2020-04-22', '33', '0', '31', '', NULL, '0000-00-00 00:00:00', '0000-00-00 00:00:00', '0000-00-00 00:00:00'),
(328, 26, 7, 'https://www.facebook.com/Prefeituramunicipalmatiasbarbosa/', '2020-04-21', '33', '0', '31', '', NULL, '0000-00-00 00:00:00', '0000-00-00 00:00:00', '0000-00-00 00:00:00'),
(329, 26, 7, 'https://www.facebook.com/Prefeituramunicipalmatiasbarbosa/', '2020-04-20', '33', '0', '31', '', NULL, '0000-00-00 00:00:00', '0000-00-00 00:00:00', '0000-00-00 00:00:00'),
(330, 26, 7, 'https://www.facebook.com/Prefeituramunicipalmatiasbarbosa/', '2020-04-19', '33', '0', '31', '', NULL, '0000-00-00 00:00:00', '0000-00-00 00:00:00', '0000-00-00 00:00:00'),
(331, 26, 7, 'https://www.facebook.com/Prefeituramunicipalmatiasbarbosa/', '2020-04-18', '32', '0', '31', '', NULL, '0000-00-00 00:00:00', '0000-00-00 00:00:00', '0000-00-00 00:00:00'),
(332, 26, 7, 'https://www.facebook.com/Prefeituramunicipalmatiasbarbosa/', '2020-04-17', '32', '0', '29', '', NULL, '0000-00-00 00:00:00', '0000-00-00 00:00:00', '0000-00-00 00:00:00'),
(333, 26, 7, 'https://www.facebook.com/Prefeituramunicipalmatiasbarbosa/', '2020-04-16', '31', '0', '29', '', NULL, '0000-00-00 00:00:00', '0000-00-00 00:00:00', '0000-00-00 00:00:00'),
(334, 26, 7, 'https://www.facebook.com/Prefeituramunicipalmatiasbarbosa/', '2020-04-15', '31', '0', '29', '', NULL, '0000-00-00 00:00:00', '0000-00-00 00:00:00', '0000-00-00 00:00:00'),
(335, 26, 7, 'https://www.facebook.com/Prefeituramunicipalmatiasbarbosa/', '2020-04-14', '31', '0', '29', '', NULL, '0000-00-00 00:00:00', '0000-00-00 00:00:00', '0000-00-00 00:00:00'),
(336, 26, 7, 'https://www.facebook.com/Prefeituramunicipalmatiasbarbosa/', '2020-04-13', '31', '0', '29', '', NULL, '0000-00-00 00:00:00', '0000-00-00 00:00:00', '0000-00-00 00:00:00'),
(337, 26, 7, 'https://www.facebook.com/Prefeituramunicipalmatiasbarbosa/', '2020-04-12', '31', '0', '29', '', NULL, '0000-00-00 00:00:00', '0000-00-00 00:00:00', '0000-00-00 00:00:00'),
(338, 26, 7, 'https://www.facebook.com/Prefeituramunicipalmatiasbarbosa/', '2020-04-11', '31', '0', '26', '', NULL, '0000-00-00 00:00:00', '0000-00-00 00:00:00', '0000-00-00 00:00:00'),
(339, 26, 7, 'https://www.facebook.com/Prefeituramunicipalmatiasbarbosa/', '2020-04-10', '31', '0', '24', '', NULL, '0000-00-00 00:00:00', '0000-00-00 00:00:00', '0000-00-00 00:00:00'),
(340, 26, 7, 'https://www.facebook.com/Prefeituramunicipalmatiasbarbosa/', '2020-04-09', '31', '0', '24', '', NULL, '0000-00-00 00:00:00', '0000-00-00 00:00:00', '0000-00-00 00:00:00'),
(341, 26, 7, 'https://www.facebook.com/Prefeituramunicipalmatiasbarbosa/', '2020-04-08', '31', '0', '24', '', NULL, '0000-00-00 00:00:00', '0000-00-00 00:00:00', '0000-00-00 00:00:00'),
(342, 26, 7, 'https://www.facebook.com/Prefeituramunicipalmatiasbarbosa/', '2020-04-07', '29', '0', '24', '', NULL, '0000-00-00 00:00:00', '0000-00-00 00:00:00', '0000-00-00 00:00:00'),
(343, 26, 7, 'https://www.facebook.com/Prefeituramunicipalmatiasbarbosa/', '2020-04-06', '12', '0', '15', '', NULL, '0000-00-00 00:00:00', '0000-00-00 00:00:00', '0000-00-00 00:00:00'),
(344, 26, 7, 'https://www.facebook.com/Prefeituramunicipalmatiasbarbosa/', '2020-04-05', '12', '0', '15', '', NULL, '0000-00-00 00:00:00', '0000-00-00 00:00:00', '0000-00-00 00:00:00'),
(345, 26, 7, 'https://www.facebook.com/Prefeituramunicipalmatiasbarbosa/', '2020-04-04', '12', '0', '15', '', NULL, '0000-00-00 00:00:00', '0000-00-00 00:00:00', '0000-00-00 00:00:00'),
(346, 26, 7, 'https://www.facebook.com/Prefeituramunicipalmatiasbarbosa/', '2020-04-03', '12', '0', '15', '', NULL, '0000-00-00 00:00:00', '0000-00-00 00:00:00', '0000-00-00 00:00:00'),
(347, 26, 7, 'https://www.facebook.com/Prefeituramunicipalmatiasbarbosa/', '2020-04-02', '12', '0', '15', '', NULL, '0000-00-00 00:00:00', '0000-00-00 00:00:00', '0000-00-00 00:00:00'),
(348, 26, 7, 'https://www.facebook.com/Prefeituramunicipalmatiasbarbosa/', '2020-04-01', '12', '0', '15', '', NULL, '0000-00-00 00:00:00', '0000-00-00 00:00:00', '0000-00-00 00:00:00'),
(349, 26, 7, 'https://www.facebook.com/Prefeituramunicipalmatiasbarbosa/', '2020-03-31', '13', '0', '14', '', NULL, '0000-00-00 00:00:00', '0000-00-00 00:00:00', '0000-00-00 00:00:00'),
(350, 26, 7, 'https://www.facebook.com/Prefeituramunicipalmatiasbarbosa/', '2020-03-29', '24', '0', '5', '', NULL, '0000-00-00 00:00:00', '0000-00-00 00:00:00', '0000-00-00 00:00:00'),
(351, 26, 7, 'https://www.facebook.com/Prefeituramunicipalmatiasbarbosa/', '2020-03-27', '26', '0', '3', '', NULL, '0000-00-00 00:00:00', '0000-00-00 00:00:00', '0000-00-00 00:00:00'),
(352, 26, 7, 'https://www.facebook.com/Prefeituramunicipalmatiasbarbosa/', '2020-03-25', '9', '0', '3', '', NULL, '0000-00-00 00:00:00', '0000-00-00 00:00:00', '0000-00-00 00:00:00'),
(353, 26, 7, 'https://www.facebook.com/Prefeituramunicipalmatiasbarbosa/', '2020-03-24', '9', '0', '3', '', NULL, '0000-00-00 00:00:00', '0000-00-00 00:00:00', '0000-00-00 00:00:00'),
(354, 26, 7, 'https://www.facebook.com/Prefeituramunicipalmatiasbarbosa/', '2020-03-22', '6', '0', '3', '', NULL, '0000-00-00 00:00:00', '0000-00-00 00:00:00', '0000-00-00 00:00:00'),
(355, 38, 7, 'https://www.facebook.com/prefeituramunicipaldepiau/?hc_ref=ARQ1CBPQsiunkUzZng2xajNn_rVNciA8g9aWs3vWKKCQZCJMKetyzyDFWg-3xvwxySc&fref=nf&__xts__%5B0%5D=', '2020-05-21', '17', '0', '13', '0', '', '2020-06-01 22:53:40', '2020-06-01 22:53:40', '0000-00-00 00:00:00'),
(356, 38, 7, 'https://www.facebook.com/prefeituramunicipaldepiau/?hc_ref=ARRyxxReHTWThdxjEn7xIoTxGOWZGAm4LCSWZpTYPfFoZ0nnSajSZodIF2yvlUJHCNQ&fref=nf&__xts__%5B0%5D=', '2020-05-14', '13', '0', '12', '0', '', '2020-06-01 22:54:23', '2020-06-01 22:54:23', '0000-00-00 00:00:00'),
(357, 38, 7, 'https://www.facebook.com/prefeituramunicipaldepiau/?hc_ref=ARR3X9JgeOxVPFtazLW3VWGwj7qK5v81_CjcNmJmb0szuZzgXXeRc5nieGsKlFaZIA0&fref=nf&__xts__%5B0%5D=', '2020-05-12', '12', '0', '12', '0', '', '2020-06-01 22:54:53', '2020-06-01 22:54:53', '0000-00-00 00:00:00'),
(358, 41, 7, 'https://www.facebook.com/prefeituradesimaopereira/?hc_ref=ARThVPSz8-YD3hA2NaSA5KnGCC_Sv4otOc1B4OYPYmWSmyNM4v49Fwh0hcxpA-cbS-k&fref=nf&__xts__%5B0%5D=6', '2020-05-19', '5', '1', '2', '0', '0', '2020-06-01 22:55:52', '2020-06-01 22:55:52', '0000-00-00 00:00:00'),
(359, 41, 7, 'https://www.facebook.com/prefeituradesimaopereira/?hc_ref=ARRq-Avo2vswa2ZaXukg74Ul5b9VjOMub-lOe_JnpkIVV9vtlxvQPeJFgzGh4fR595o&fref=nf&__xts__%5B0%5D=6', '2020-05-14', '0', '1', '0', '0', '0', '2020-06-01 22:56:28', '2020-06-01 22:56:28', '0000-00-00 00:00:00');
INSERT INTO `caso` (`idCaso`, `idMunicipio`, `idUsuario`, `fonteCaso`, `dataCaso`, `suspeitosCaso`, `confirmadosCaso`, `descartadosCaso`, `obitosCaso`, `recuperadosCaso`, `created_at`, `updated_at`, `deleted_at`) VALUES
(360, 4, 12, 'https://www.facebook.com/municipiosenadorfirmino/photos/a.1885397571781063/2677333745920771/?type=3&theater', '2020-05-30', '85', '0', '4', '', '', '2020-06-02 11:37:13', '2020-06-02 11:37:13', '0000-00-00 00:00:00'),
(361, 4, 12, 'https://www.facebook.com/municipiosenadorfirmino/photos/a.1885397571781063/2678269279160551/?type=3&theater', '2020-05-31', '85', '0', '4', '', '', '2020-06-02 11:38:13', '2020-06-02 11:38:13', '0000-00-00 00:00:00'),
(362, 4, 12, 'https://www.facebook.com/municipiosenadorfirmino/photos/a.1885397571781063/2679095542411258/?type=3&theater', '2020-06-01', '66', '0', '4', '', '', '2020-06-02 11:39:20', '2020-06-02 11:39:20', '0000-00-00 00:00:00'),
(363, 15, 12, 'https://www.facebook.com/pages/category/City/Prefeitura-de-Guarani-MG-319807681471511/', '2020-05-01', '4', '0', '10', '', '', '2020-06-02 11:43:39', '2020-06-02 11:43:39', '0000-00-00 00:00:00'),
(364, 3, 12, 'https://www.instagram.com/p/CAdrkErpDFB/', '2020-05-21', '1', '0', '13', '', '', '2020-06-02 11:46:24', '2020-06-02 11:46:24', '0000-00-00 00:00:00'),
(365, 55, 11, 'Site da prefeitura de Viçosa-MG', '2020-06-02', '78', '22', '889', '0', '8', '2020-06-02 13:41:02', '2020-06-02 13:41:02', '0000-00-00 00:00:00'),
(366, 53, 11, 'Facebook da prefeitura de Muriaé - MG', '2020-06-02', '12', '211', '0', '11', '89', '2020-06-02 13:46:46', '2020-06-03 15:07:09', '0000-00-00 00:00:00'),
(367, 5, 6, 'Facebook da Prefeitura de Ubá', '2020-06-02', '4', '73', '0', '2', '51', '2020-06-02 13:46:49', '2020-06-02 13:47:24', '2020-06-02 13:47:24'),
(368, 17, 6, 'Prefeitura de Ubá', '2020-06-02', '4', '73', '0', '2', '51', '2020-06-02 13:49:40', '2020-06-02 13:49:40', '0000-00-00 00:00:00'),
(369, 6, 6, 'Facebook Prefeitura de Visconde do Rio Branco', '2020-06-02', '2', '9', '50', '1', '6', '2020-06-02 13:52:31', '2020-06-02 13:52:31', '0000-00-00 00:00:00'),
(370, 54, 11, 'Instagram da prefeitura de Leopoldina - MG ', '2020-06-02', '64', '18', '36', '1', '12', '2020-06-02 13:53:09', '2020-06-02 13:53:09', '0000-00-00 00:00:00'),
(371, 16, 6, 'Prefeitura de Tocantins', '2020-06-02', '26', '10', '119', '0', '1', '2020-06-02 13:55:40', '2020-06-02 18:56:00', '0000-00-00 00:00:00'),
(372, 28, 11, 'facebook da prefeitura de Paiva - MG', '2020-06-02', '2', '0', '3', '0', '0', '2020-06-02 13:57:07', '2020-06-02 13:57:07', '0000-00-00 00:00:00'),
(373, 5, 6, 'Instagram da prefeitura de Guidoval', '2020-06-02', '3', '0', '22', '0', '0', '2020-06-02 13:59:08', '2020-06-02 13:59:08', '0000-00-00 00:00:00'),
(374, 30, 11, 'Site www.aracitaba.mg.gov.br', '2020-06-02', '1', '0', '0', '0', '0', '2020-06-02 14:25:31', '2020-06-02 14:25:31', '0000-00-00 00:00:00'),
(474, 36, 7, 'https://www.facebook.com/prefeituramunicipalderionovomg/?hc_ref=ARQdCTiOu57G8G-bh1CUUMJJ8_nMdPsBlYL9lMjfisO1aa9G8fsaTYrzcbqhysQbrHE&fref=nf&__xts__%5B', '2020-05-31', '21', '4', '23', '0', NULL, '0000-00-00 00:00:00', '0000-00-00 00:00:00', '0000-00-00 00:00:00'),
(475, 36, 7, 'https://www.facebook.com/prefeituramunicipalderionovomg/?hc_ref=ARSZoZJvkZx_0WdCcf12nD2rgmfpJEJtXiz5Pi2cJXplT0uSJ6tu3SnLKZ2uCxhMJSM&ref=nf_target&__xt', '2020-05-29', '21', '4', '21', '0', NULL, '0000-00-00 00:00:00', '0000-00-00 00:00:00', '0000-00-00 00:00:00'),
(476, 36, 7, 'https://www.facebook.com/prefeituramunicipalderionovomg/?hc_ref=ARSNGNlNEy7eTQdHtXY5ntSdPq4zxlANpIygOLCoiRU69B1eRe6jHAX4wIZkYa3QmGM&ref=nf_target&__xt', '2020-05-25', '15', '2', '23', '0', NULL, '0000-00-00 00:00:00', '0000-00-00 00:00:00', '0000-00-00 00:00:00'),
(477, 36, 7, 'https://www.facebook.com/prefeituramunicipalderionovomg/?hc_ref=ARS01Kvk6qXz8wFLA5yTdARifc8dbk3IpjEHybWsXAbm1s6U6kPkJlU94MTw9N0W_GM&fref=nf&__xts__%5B', '2020-05-24', '12', '2', '23', '0', NULL, '0000-00-00 00:00:00', '0000-00-00 00:00:00', '0000-00-00 00:00:00'),
(478, 36, 7, 'https://www.facebook.com/prefeituramunicipalderionovomg/?hc_ref=ARQhAty3WhUKygl_zh2o9H5GaYf7UHNAuJb7-YtLwz5yXrgGbsophCYwB0UBCioXwEU&ref=nf_target&__xt', '2020-05-22', '12', '2', '23', '0', NULL, '0000-00-00 00:00:00', '0000-00-00 00:00:00', '0000-00-00 00:00:00'),
(479, 36, 7, 'https://www.facebook.com/prefeituramunicipalderionovomg/?hc_ref=ARTTD_i-h-bYHl1tLM0K0BJlOmEJhOIftgdHLe-LQgbS67qC-uCjFu0wYyrMZ3Ye38Y&fref=nf&__xts__%5B', '2020-05-20', '11', '2', '23', '0', NULL, '0000-00-00 00:00:00', '0000-00-00 00:00:00', '0000-00-00 00:00:00'),
(480, 36, 7, 'https://www.facebook.com/prefeituramunicipalderionovomg/?hc_ref=ARQVPYy7rFrLlXoGKb-lNiWd_brA0lvK7R-9q9GMSnd9cdqDG30lGWN_enTjRVp5MqE&ref=nf_target&__xt', '2020-05-19', '10', '2', '23', '0', NULL, '0000-00-00 00:00:00', '0000-00-00 00:00:00', '0000-00-00 00:00:00'),
(481, 36, 7, 'https://www.facebook.com/prefeituramunicipalderionovomg/?hc_ref=ARSo9-SZrwJ5waUbR1NgmrG8eMK0eIZz9cwtsW_Hzq1KbaF-zasmJPC0oEBkgKBCJ4Y&fref=nf&__xts__%5B', '2020-05-18', '6', '2', '23', '0', NULL, '0000-00-00 00:00:00', '0000-00-00 00:00:00', '0000-00-00 00:00:00'),
(482, 36, 7, 'https://www.facebook.com/prefeituramunicipalderionovomg/?hc_ref=ARQuVwnP7REfS0zfm_R1nG2yqbM0MC0zaHLwjaWQbEyBaWoISMGBshjCw3-TWi3pSjc&fref=nf&__xts__%5B', '2020-05-15', '8', '2', '21', '0', NULL, '0000-00-00 00:00:00', '0000-00-00 00:00:00', '0000-00-00 00:00:00'),
(483, 36, 7, 'https://www.facebook.com/prefeituramunicipalderionovomg/?hc_ref=ARTdxFd3LPQkbY3wuD6Gx8le8CPlDAcYOOVJXW8pkZeHbxNK34cpbsZHL4CryOR3_fU&ref=nf_target&__xt', '2020-05-14', '7', '2', '12', '0', NULL, '0000-00-00 00:00:00', '0000-00-00 00:00:00', '0000-00-00 00:00:00'),
(484, 36, 7, 'https://www.facebook.com/prefeituramunicipalderionovomg/?hc_ref=ARQeC-3YUq8sklLH9KpatcXVlfz2IoWxkbapDYK7y9hTPdMpwll-7etvIBGJTqTyY40&fref=nf&__xts__%5B', '2020-05-13', '3', '2', '12', '0', NULL, '0000-00-00 00:00:00', '0000-00-00 00:00:00', '0000-00-00 00:00:00'),
(485, 36, 7, 'https://www.facebook.com/prefeituramunicipalderionovomg/?hc_ref=ARTvXbz9U4gJfOKsgP_7PhLnxh1S7cWm2N7cYXH5BqCBoW5rDAlSUQLYp9Gj9sUQQM4&ref=nf_target&__xt', '2020-05-12', '3', '2', '12', '0', NULL, '0000-00-00 00:00:00', '0000-00-00 00:00:00', '0000-00-00 00:00:00'),
(486, 36, 7, 'https://www.facebook.com/prefeituramunicipalderionovomg/?hc_ref=ARTOmQrk5riUzftACbcGQpBXsgwHwxJGQjtLFxmd4iJeSzw1inCK6di3jM1IYhtkjFU&fref=nf&__xts__%5B', '2020-05-11', '6', '1', '9', '0', NULL, '0000-00-00 00:00:00', '0000-00-00 00:00:00', '0000-00-00 00:00:00'),
(487, 36, 7, 'https://www.facebook.com/prefeituramunicipalderionovomg/?hc_ref=ARRn2bW7L4S_golENArwGoXCiQJCjS5Vtb3gsiXg0VJ0BUF3iktZhNWpwSax4GNqf2A&fref=nf&__xts__%5B', '2020-05-09', '5', '1', '9', '0', NULL, '0000-00-00 00:00:00', '0000-00-00 00:00:00', '0000-00-00 00:00:00'),
(488, 36, 7, 'https://www.facebook.com/prefeituramunicipalderionovomg/?hc_ref=ARSNiE_FxBmfSw5Snqtf48FrTwmkfKfKGmvWdJ2HcEXKixmJ2CHq6z602FD6pxFnZpI&fref=nf&__xts__%5B', '2020-05-07', '6', '1', '8', '0', NULL, '0000-00-00 00:00:00', '0000-00-00 00:00:00', '0000-00-00 00:00:00'),
(489, 36, 7, 'https://www.facebook.com/prefeituramunicipalderionovomg/?hc_ref=ARSXIUBCNmLbGpVFZe2DDgdOk4shWTPgnWQvaFlbcK-bNqZbq3d8Eqx6_nd9XkUEliQ&fref=nf&__xts__%5B', '2020-05-06', '7', '1', '8', '0', NULL, '0000-00-00 00:00:00', '0000-00-00 00:00:00', '0000-00-00 00:00:00'),
(490, 36, 7, 'https://www.facebook.com/prefeituramunicipalderionovomg/?hc_ref=ARTzqLP0B0rxvAoEPJi0Wy1c8m06WsYozmKlpsFPqvV8W7CNibVyXeR2k96cDh5756k&fref=nf&__xts__%5B', '2020-05-05', '6', '1', '8', '0', NULL, '0000-00-00 00:00:00', '0000-00-00 00:00:00', '0000-00-00 00:00:00'),
(491, 36, 7, 'https://www.facebook.com/prefeituramunicipalderionovomg/?hc_ref=ARSDdtdUpc_nRH5mfVc_b0iCMw_TU1ub2qyMUh2epQbKNDFz_exc78CqmS_SV89Z05E&fref=nf&__xts__%5B', '2020-05-02', '5', '1', '8', '0', NULL, '0000-00-00 00:00:00', '0000-00-00 00:00:00', '0000-00-00 00:00:00'),
(492, 36, 7, 'https://www.facebook.com/prefeituramunicipalderionovomg/?hc_ref=ARQmPtOTybe9OEKCmwPwQihjftFHWB0tSZOwjUsDqEHvkzof9RE6734XjamrunEUvVg&ref=nf_target&__xt', '2020-04-30', '5', '1', '8', '0', NULL, '0000-00-00 00:00:00', '0000-00-00 00:00:00', '0000-00-00 00:00:00'),
(493, 36, 7, 'https://www.facebook.com/prefeituramunicipalderionovomg/?hc_ref=ARSaSfQsW7zUNAt0WeeNzZPchvy3puZ6cdj0YWLXtBXoioFoJnCaz9WV9_1usEPOPXA&fref=nf&__xts__%5B', '2020-04-29', '5', '1', '8', '0', NULL, '0000-00-00 00:00:00', '0000-00-00 00:00:00', '0000-00-00 00:00:00'),
(494, 36, 7, 'https://www.facebook.com/prefeituramunicipalderionovomg/?hc_ref=ARQiGMY9E-KrwDuXBauJk2JdLQEO6OFUpXTjeNNBCoLSwdcernZQYbaWi9DD5zgyREA&ref=nf_target&__xt', '2020-04-27', '6', '1', '7', '0', NULL, '0000-00-00 00:00:00', '0000-00-00 00:00:00', '0000-00-00 00:00:00'),
(495, 36, 7, 'https://www.facebook.com/prefeituramunicipalderionovomg/?hc_ref=ART2fSG4gSqa7R2WmuDvBP32_TkJNmt9ex84B0K81x6oLcuo2Pt81IwhbDQL92LSEb0&ref=nf_target&__xt', '2020-04-26', '6', '1', '7', '0', NULL, '0000-00-00 00:00:00', '0000-00-00 00:00:00', '0000-00-00 00:00:00'),
(496, 36, 7, 'https://www.facebook.com/prefeituramunicipalderionovomg/?hc_ref=ARSPkDvbCP3xoKiqKLCwRHVSE5BvbXaWZbyqamSpe8hr927_UlJtswaosnZELAXncvM&fref=nf&__xts__%5B', '2020-04-25', '5', '0', '7', '0', NULL, '0000-00-00 00:00:00', '0000-00-00 00:00:00', '0000-00-00 00:00:00'),
(497, 36, 7, 'https://www.facebook.com/prefeituramunicipalderionovomg/?hc_ref=ARQeaEnwFdzR4Oil4mh3Y7wOPyVOIK17BptIvf7lwLLeENVVg-iLBQJiWidJ_Pi9Cnc&fref=nf&__xts__%5B', '2020-04-24', '0', '0', '7', '0', NULL, '0000-00-00 00:00:00', '0000-00-00 00:00:00', '0000-00-00 00:00:00'),
(498, 36, 7, 'https://www.facebook.com/prefeituramunicipalderionovomg/?hc_ref=ARSoHiAYkFov0mdtte6xCNB3PKlhESUAKc3gLW5mRCE3bfX-F_aahy5BKFHsyx53Pps&fref=nf&__xts__%5B', '2020-04-23', '0', '0', '7', '0', NULL, '0000-00-00 00:00:00', '0000-00-00 00:00:00', '0000-00-00 00:00:00'),
(499, 36, 7, 'https://www.facebook.com/prefeituramunicipalderionovomg/?hc_ref=ARRHghJ2T1U6emxt_52ZjAp5FlxnwiIOAyE8Ut7pBFFwXoMwyS8z-F9qq9yhRUfyQIA&fref=nf&__xts__%5B', '2020-04-22', '6', '0', '1', '0', NULL, '0000-00-00 00:00:00', '0000-00-00 00:00:00', '0000-00-00 00:00:00'),
(500, 36, 7, 'https://www.facebook.com/prefeituramunicipalderionovomg/?hc_ref=ARRV1zeTifBTWDfjbuCRDUkT-XEHDBc7n75PZe1KXE66eqyNEkrpvf7eR0Du66CJdN4&fref=nf&__xts__%5B', '2020-04-21', '6', '0', '1', '0', NULL, '0000-00-00 00:00:00', '0000-00-00 00:00:00', '0000-00-00 00:00:00'),
(501, 36, 7, 'https://www.facebook.com/prefeituramunicipalderionovomg/?hc_ref=ARS__M-7T8rNxD-teid3RCsxmUyGEjmt_sx7G9rh01FbdmewbDgwcLrrtjIrh3rYsvc&fref=nf&__xts__%5B', '2020-04-18', '6', '0', '1', '0', NULL, '0000-00-00 00:00:00', '0000-00-00 00:00:00', '0000-00-00 00:00:00'),
(502, 36, 7, 'https://www.facebook.com/prefeituramunicipalderionovomg/?hc_ref=ARRMDLMpt42OuJ-y-Z9UiTqg2_CVgTxdjvV8Sj3Rb_UzF16i3-gLqYfJ_1wbT3BlVug&fref=nf&__xts__%5B', '2020-04-17', '6', '0', '1', '0', NULL, '0000-00-00 00:00:00', '0000-00-00 00:00:00', '0000-00-00 00:00:00'),
(503, 36, 7, 'https://www.facebook.com/prefeituramunicipalderionovomg/?hc_ref=ARTCEEZVdkji2dCX8cQS2WKppOV8-FuP5AXWMfCwXxPJLh_Al29SQ0geO6XVukapUw8&ref=nf_target&__xt', '2020-04-16', '6', '0', '1', '0', NULL, '0000-00-00 00:00:00', '0000-00-00 00:00:00', '0000-00-00 00:00:00'),
(504, 36, 7, 'https://www.facebook.com/prefeituramunicipalderionovomg/?hc_ref=ARQbxkEdhV5e1zj3O9SYQiwWrPMiMh7Bh5DRPcVET_JtZ52f6RazGCtuZeL5qLHRtlQ&fref=nf&__xts__%5B', '2020-04-15', '6', '0', '1', '0', NULL, '0000-00-00 00:00:00', '0000-00-00 00:00:00', '0000-00-00 00:00:00'),
(505, 36, 7, 'https://www.facebook.com/prefeituramunicipalderionovomg/?hc_ref=ARRLMUiN7Y1kDkTd8NWm_ImONUJD8W8ejP_SCO9jRgzujZ13bqQPkJftcDDtiIQdZNU&ref=nf_target&__xt', '2020-04-14', '6', '0', '1', '0', NULL, '0000-00-00 00:00:00', '0000-00-00 00:00:00', '0000-00-00 00:00:00'),
(506, 36, 7, 'https://www.facebook.com/prefeituramunicipalderionovomg/?hc_ref=ARQi6QuLxHlx7ha1YsC6VbRuE24oMXjNGIZiAMIbSJQKNO1B4zsG8jtlXOfZiH4KTFs&ref=nf_target&__xt', '2020-04-13', '6', '0', '1', '0', NULL, '0000-00-00 00:00:00', '0000-00-00 00:00:00', '0000-00-00 00:00:00'),
(507, 36, 7, 'https://www.facebook.com/prefeituramunicipalderionovomg/?hc_ref=ARRflTUinngv4LRhgGTb1g46CKTEPpDY4WUSOpLNNtWrB6vku3l5FquSDQaIcF1tTko&ref=nf_target&__xt', '2020-04-11', '7', '0', '0', '0', NULL, '0000-00-00 00:00:00', '0000-00-00 00:00:00', '0000-00-00 00:00:00'),
(508, 36, 7, 'https://www.facebook.com/prefeituramunicipalderionovomg/?hc_ref=ARRI8Qqklc4fDhviwnwIbCoB-77HgEVyOBZ59ARpft3uVZZGmWqG6Qi8Cc-A7FuQcVc&ref=nf_target&__xt', '2020-04-10', '6', '0', '0', '0', NULL, '0000-00-00 00:00:00', '0000-00-00 00:00:00', '0000-00-00 00:00:00'),
(509, 36, 7, ' https://www.facebook.com/prefeituramunicipalderionovomg/?hc_ref=ARTDahLlPyrethjiZ_UOG_fLAjE7fovgYUhS7zDtvzmQIWzo7LYvFLvMSWLw1270InA&ref=nf_target&__x', '2020-04-08', '5', '0', '1', '0', NULL, '0000-00-00 00:00:00', '0000-00-00 00:00:00', '0000-00-00 00:00:00'),
(510, 36, 7, 'https://www.facebook.com/prefeituramunicipalderionovomg/?hc_ref=ARRgqVJHdJjO8KigFHkguG5mZTRM10XdPuQituBjzzzafW8GiNNEDQPrxYsluGnME5g&fref=nf&__xts__%5B', '2020-04-07', '5', '0', '1', '0', NULL, '0000-00-00 00:00:00', '0000-00-00 00:00:00', '0000-00-00 00:00:00'),
(511, 36, 7, 'https://www.facebook.com/prefeituramunicipalderionovomg/?hc_ref=ARQfyQKGIMAgLs-lBm-aVRnQGZpWimORbd8f6Y4AMRp5OFJjyPCrstq1bLvhdSLH4FA&ref=nf_target&__xt', '2020-04-06', '5', '0', '1', '0', NULL, '0000-00-00 00:00:00', '0000-00-00 00:00:00', '0000-00-00 00:00:00'),
(512, 36, 7, 'https://www.facebook.com/prefeituramunicipalderionovomg/?hc_ref=ART3fnI-Wgu-CLCFUTgx1TFKhseWRmxh9Ie7qIyx9qbNn9IXQ5FPmngKnFXaLp3SjHg&ref=nf_target&__xt', '2020-04-05', '5', '0', '1', '0', NULL, '0000-00-00 00:00:00', '0000-00-00 00:00:00', '0000-00-00 00:00:00'),
(513, 36, 7, 'https://www.facebook.com/prefeituramunicipalderionovomg/?hc_ref=ARQOi7oOy6UMyT7EataH_F3pRgAfUMuznvsfJB-6ugr4PYaBDwFbx-GvQ8gHYqPMKFs&ref=nf_target&__xt', '2020-04-04', '5', '0', '1', '0', NULL, '0000-00-00 00:00:00', '0000-00-00 00:00:00', '0000-00-00 00:00:00'),
(514, 36, 7, 'https://www.facebook.com/prefeituramunicipalderionovomg/?hc_ref=ARQOyhU1CI8cOeYzKZyDmveXXyDUPdcuLQohn5YD4TX2BDN5-V1EogcznAYOGLzUrz0&ref=nf_target&__xt', '2020-04-03', '5', '0', '1', '0', NULL, '0000-00-00 00:00:00', '0000-00-00 00:00:00', '0000-00-00 00:00:00'),
(515, 36, 7, 'https://www.facebook.com/prefeituramunicipalderionovomg/?hc_ref=ARQks_2wSrjU5dGrQx_-yo6NWOuk_19vzUl8olRAicAgbg6nvaE0uz7vFR9pUZFzqPY&ref=nf_target&__xt', '2020-04-02', '5', '0', '1', '0', NULL, '0000-00-00 00:00:00', '0000-00-00 00:00:00', '0000-00-00 00:00:00'),
(516, 36, 7, 'https://www.facebook.com/prefeituramunicipalderionovomg/?hc_ref=ARRR0JoW099x7iH2JU3XWQg9xdBXOdTd0dLbZGiVFMrV57-39LMsZScLAA5msU_OlKQ&ref=nf_target&__xt', '2020-04-01', '5', '0', '1', '0', NULL, '0000-00-00 00:00:00', '0000-00-00 00:00:00', '0000-00-00 00:00:00'),
(517, 36, 7, 'https://www.facebook.com/prefeituramunicipalderionovomg/?hc_ref=ART9X7Y4XOSIglejL_rMAr-D0jwosaaKZErHW3v8Fpijpq4TjVbIMISDZ6Eppi5XhgA&ref=nf_target&__xt', '2020-03-31', '4', '0', '1', '0', NULL, '0000-00-00 00:00:00', '0000-00-00 00:00:00', '0000-00-00 00:00:00'),
(518, 36, 7, 'https://www.facebook.com/prefeituramunicipalderionovomg/?hc_ref=ARS0je_FIJc-ZBKh-u_5qU_RqrhsEoLMVdzbUR2S_aiMgYQRaNt0hU4G3BhxM9XicOc&ref=nf_target&__xt', '2020-03-30', '4', '0', '1', '0', NULL, '0000-00-00 00:00:00', '0000-00-00 00:00:00', '0000-00-00 00:00:00'),
(519, 36, 7, 'https://www.facebook.com/prefeituramunicipalderionovomg/?hc_ref=ARRwfuQ28nGuWqgPRI0OebKHQtCKbFbij0oA06oFKKddPPHHTvNwx2C5iWJDVxVciWo&ref=nf_target&__xt', '2020-03-29', '4', '0', '1', '0', NULL, '0000-00-00 00:00:00', '0000-00-00 00:00:00', '0000-00-00 00:00:00'),
(520, 36, 7, 'https://www.facebook.com/prefeituramunicipalderionovomg/?hc_ref=ARR9ppkPzRHS7V_c7sdQMfprMXl77kafKMU5ebTecAix_CwB4QnLEWQRIkgyXryaA_Q&ref=nf_target&__xt', '2020-03-28', '4', '0', '1', '0', NULL, '0000-00-00 00:00:00', '0000-00-00 00:00:00', '0000-00-00 00:00:00'),
(521, 36, 7, 'https://www.facebook.com/prefeituramunicipalderionovomg/?hc_ref=ARQ0vlH-zL5x7Y-prc6EEyDuWZCVWZEQhhCtwqCTB8Yv1D6ln4kezor9NZ9X6t34hHI&ref=nf_target&__xt', '2020-03-27', '4', '0', '1', '0', NULL, '0000-00-00 00:00:00', '0000-00-00 00:00:00', '0000-00-00 00:00:00'),
(522, 36, 7, 'https://www.facebook.com/prefeituramunicipalderionovomg/?hc_ref=ARTIwjHcIe1d0eh5Kenlu5iQNozgUifdM2M3Q8zIIlanSw-QY9CEy1OFtt9vSOsPtTA&ref=nf_target&__xt', '2020-03-26', '4', '0', '1', '0', NULL, '0000-00-00 00:00:00', '0000-00-00 00:00:00', '0000-00-00 00:00:00'),
(523, 36, 7, 'https://www.facebook.com/prefeituramunicipalderionovomg/?hc_ref=ARSgpBMlcv9LQEml6kRxZ_6lMA7zm72EKAvGMxWNCT9oAAfj2sT19WoivzHC4x4FZZw&ref=nf_target&__xt', '2020-03-25', '3', '0', '1', '0', NULL, '0000-00-00 00:00:00', '0000-00-00 00:00:00', '0000-00-00 00:00:00'),
(524, 36, 7, 'https://www.facebook.com/prefeituramunicipalderionovomg/?hc_ref=ARQU03se1-U0tLt5WJLa7E2Z-V6V9h9LEdql7dfyPNpk0XeaTLt7zCliKlcpVo4iVXk&ref=nf_target&__xt', '2020-03-24', '3', '0', '1', '0', NULL, '0000-00-00 00:00:00', '0000-00-00 00:00:00', '0000-00-00 00:00:00'),
(525, 36, 7, 'https://www.facebook.com/prefeituramunicipalderionovomg/?hc_ref=ARSTmvyq0qtsZ1pg37EhtYB6C7-8er1voyWvjobOtnFLTl0rfIGiCOvi1cidg9909J0&ref=nf_target&__xt', '2020-03-23', '2', '0', '1', '0', NULL, '0000-00-00 00:00:00', '0000-00-00 00:00:00', '0000-00-00 00:00:00'),
(526, 36, 7, 'https://www.facebook.com/prefeituramunicipalderionovomg/?hc_ref=ARQE4Yo8jJGUD20WEz8sdHsLJY6EPfKds977UypsqNCnHD4wu7Oabs4TQFmtYKwr3NY&ref=nf_target&__xt', '2020-03-22', '1', '0', '1', '0', NULL, '0000-00-00 00:00:00', '0000-00-00 00:00:00', '0000-00-00 00:00:00'),
(527, 36, 7, 'https://www.facebook.com/prefeituramunicipalderionovomg/?hc_ref=ARQkIryp3turQuXfstSAhKgfyIALBEEufOMBipG1j69hCI-0dZnhFmwE_cxk6TdPW_0&ref=nf_target&__xt', '2020-03-21', '1', '0', '1', '0', NULL, '0000-00-00 00:00:00', '0000-00-00 00:00:00', '0000-00-00 00:00:00'),
(544, 34, 7, 'https://www.facebook.com/prefeiturapequerimg/?hc_ref=ARQ20jIEiurt0IeyymJHW3JDWYLVqSCx2AyV4jQedF-fG5jwoZoQI-8QKm_l7xof3sM&fref=nf&__xts__%5B0%5D=68.ARD', '2020-05-29', '0', '0', '12', '0', NULL, '0000-00-00 00:00:00', '0000-00-00 00:00:00', '0000-00-00 00:00:00'),
(545, 34, 7, 'https://www.facebook.com/prefeiturapequerimg/?hc_ref=ARS33B3D8AjA98dLNvL0EpRe_XH9CfV39OlLXzFo83TBqOHFjNvf-SnVQWHCYbLUnmM&fref=nf&__xts__%5B0%5D=68.ARB', '2020-05-21', '0', '0', '10', '0', NULL, '0000-00-00 00:00:00', '0000-00-00 00:00:00', '0000-00-00 00:00:00'),
(546, 34, 7, 'https://www.facebook.com/prefeiturapequerimg/?hc_ref=ARSdTUw4Ve5lk1iPKaC0JSDJkk4E1BKZK8G9owNBXzutDcG_ZQZR9qfcl3yC1ZYAzys&fref=nf&__xts__%5B0%5D=68.ARD', '2020-05-20', '0', '0', '10', '0', NULL, '0000-00-00 00:00:00', '0000-00-00 00:00:00', '0000-00-00 00:00:00'),
(547, 34, 7, 'https://www.facebook.com/prefeiturapequerimg/?hc_ref=ARTAYwp6lM3Kvo1ghx63ftvg_wxDtPfFuRZfMbPTlexVHV3eEiOgydZSnI7YOATuJrQ&fref=nf&__xts__%5B0%5D=68.ARB', '2020-05-15', '0', '0', '10', '0', NULL, '0000-00-00 00:00:00', '0000-00-00 00:00:00', '0000-00-00 00:00:00'),
(548, 34, 7, 'https://www.facebook.com/prefeiturapequerimg/?hc_ref=ARQf6g1QhDieYbOlk2aj_6syuRtGRfiQw8lLuV8fkwXCa5JSNVTK1dKe4xRxMSeed50&fref=nf&__xts__%5B0%5D=68.ARC', '2020-05-05', '0', '0', '6', '0', NULL, '0000-00-00 00:00:00', '0000-00-00 00:00:00', '0000-00-00 00:00:00'),
(549, 34, 7, 'https://www.facebook.com/prefeiturapequerimg/?hc_ref=ARQXtv4cV1T27BPjbdVNfCHykhE8n3DQ-FvPmRNy1acJDy6sTzqzwYRnCLG5YSJMtn0&fref=nf&__xts__%5B0%5D=68.ARC', '2020-04-30', '0', '0', '6', '0', NULL, '0000-00-00 00:00:00', '0000-00-00 00:00:00', '0000-00-00 00:00:00'),
(550, 34, 7, 'https://www.facebook.com/prefeiturapequerimg/?hc_ref=ARSmVAVQ4HIubaL17RseMMaaXJ3oaLdLndHQMiqSSzzf9hYOnK5-J1Dmf_d3XqTm4g8&fref=nf&__xts__%5B0%5D=68.ARD', '2020-04-10', '0', '0', '5', '0', NULL, '0000-00-00 00:00:00', '0000-00-00 00:00:00', '0000-00-00 00:00:00'),
(551, 34, 7, 'https://www.facebook.com/prefeiturapequerimg/?hc_ref=ARStPvBSDfCCbYNF_k92IX-WYOPWiDes2EAjT2zSDi0i7QEHYfSzNVhkKVvU4ZlBW9M&fref=nf&__xts__%5B0%5D=68.ARC', '2020-04-09', '0', '0', '5', '0', NULL, '0000-00-00 00:00:00', '0000-00-00 00:00:00', '0000-00-00 00:00:00'),
(552, 34, 7, 'https://www.facebook.com/prefeiturapequerimg/?hc_ref=ARTEpD3HwUc3cmFp18PeyLx60NxbKCefcQHg_ViFC_EabJyoutrpofzaR1HCzsqbGGw&fref=nf&__xts__%5B0%5D=68.ARA', '2020-04-07', '0', '0', '5', '0', NULL, '0000-00-00 00:00:00', '0000-00-00 00:00:00', '0000-00-00 00:00:00'),
(553, 34, 7, 'https://www.facebook.com/prefeiturapequerimg/?hc_ref=ARSZuwMHW0UO70X_XKRmH-p_IQc9E4mBs4XVNF9gWJPx-eG8xgt_5RrzVu3NtByG6_8&fref=nf&__xts__%5B0%5D=68.ARB', '2020-03-31', '0', '0', '2', '0', NULL, '0000-00-00 00:00:00', '0000-00-00 00:00:00', '0000-00-00 00:00:00'),
(554, 34, 7, 'https://www.facebook.com/prefeiturapequerimg/?hc_ref=ARSppuJFp2wczu08nywxdtBzBEyGAxsxwQk_sW0sMQcZM9Fg9Dc_q-f3npPbkI76BfA&fref=nf&__xts__%5B0%5D=68.ARA', '2020-03-30', '0', '0', '2', '0', NULL, '0000-00-00 00:00:00', '0000-00-00 00:00:00', '0000-00-00 00:00:00'),
(555, 34, 7, 'https://www.facebook.com/prefeiturapequerimg/?hc_ref=ARRuGbJwvrGGZA5KdO42RIO_phWqgrbyKt4FId7JRDa-52fm8E6yoYwKXZxZtdzyjIo&fref=nf&__xts__%5B0%5D=68.ARD', '2020-03-29', '0', '0', '2', '0', NULL, '0000-00-00 00:00:00', '0000-00-00 00:00:00', '0000-00-00 00:00:00'),
(556, 34, 7, 'https://www.facebook.com/prefeiturapequerimg/?hc_ref=ARQIxD6IBtv4LBKYStAnrFFogYP81_Cpr10yT9jA0AhKFIldLKuESdgHb6UX5sd6Jl8&fref=nf&__xts__%5B0%5D=68.ARD', '2020-03-28', '0', '0', '2', '0', NULL, '0000-00-00 00:00:00', '0000-00-00 00:00:00', '0000-00-00 00:00:00'),
(557, 34, 7, 'https://www.facebook.com/prefeiturapequerimg/?hc_ref=ARQ-yEmJ8t-7Pt7EYv0Po2mo9kX1ICACWsWFyqqbchDPu8n7DzXlloWpJjmScbGyGQ4&fref=nf&__xts__%5B0%5D=68.ARA', '2020-03-27', '0', '0', '2', '0', NULL, '0000-00-00 00:00:00', '0000-00-00 00:00:00', '0000-00-00 00:00:00'),
(558, 34, 7, 'https://www.facebook.com/prefeiturapequerimg/?hc_ref=ARRuKnJiqmgWZy0dHhOZvhoCaPBbHORksSl_SM2Kg70tHnNUh35OTBAm1lBdJduiERk&fref=nf&__xts__%5B0%5D=68.ARA', '2020-03-26', '0', '0', '2', '0', NULL, '0000-00-00 00:00:00', '0000-00-00 00:00:00', '0000-00-00 00:00:00'),
(559, 34, 7, 'https://www.facebook.com/prefeiturapequerimg/?hc_ref=ARTCNG6MMN0hGMhdUFKqsMTlfpj3gtJ-2CVPwCXG0SzBueIEyny2_LZn1J9eU_l6xDo&fref=nf&__xts__%5B0%5D=68.ARC', '2020-03-25', '1', '0', '2', '0', NULL, '0000-00-00 00:00:00', '0000-00-00 00:00:00', '0000-00-00 00:00:00'),
(560, 50, 7, 'https://covid19.pjf.mg.gov.br/view.php?modo=link2&idnoticia2=68211', '2020-06-02', '4774', '661', '', '34', '', '2020-06-02 16:05:26', '2020-06-02 16:05:26', '0000-00-00 00:00:00'),
(561, 31, 7, 'https://www.facebook.com/PrefeituraMunicipalDeGoiana/?__xts__%5B0%5D=68.ARBpxpi-Olxl_nKP2WrQ-8TXQZ_0hpuVyy-IF6tegt5HGUXyZRb3NI02BYooCcdZuvd5QqxU6rjU_i', '2020-06-02', '0', '2', '5', '0', '0', '2020-06-02 16:08:08', '2020-06-02 16:08:08', '0000-00-00 00:00:00'),
(562, 26, 7, 'https://www.facebook.com/Prefeituramunicipalmatiasbarbosa/?hc_ref=ARTAFKuNGPiiV-kA-AM2MAB9z94fIVoVjyvX10RLZf_lprTY_TfogaEnsxHO9mnJ1M8&fref=nf&__xts__%', '2020-06-02', '19', '5', '64', '0', '', '2020-06-02 16:09:53', '2020-06-02 16:09:53', '0000-00-00 00:00:00'),
(563, 14, 9, 'https://www.divinesia.mg.gov.br/boletim-epidemiologico-20/', '2020-06-02', '4', '1', '7', '0', '0', '2020-06-02 17:44:55', '2020-06-02 17:44:55', '0000-00-00 00:00:00'),
(564, 27, 9, 'https://pt-br.facebook.com/prefeiturademardeespanha/photos/a.380428865389508/2777659245666446/?type=3&theater', '2020-06-02', '13', '22', '72', '4', '17', '2020-06-02 17:46:33', '2020-06-02 17:46:33', '0000-00-00 00:00:00'),
(565, 45, 9, 'https://santanadodeserto.mg.gov.br/coronavirus/covid-boletins-2020-06-02/', '2020-06-02', '3', '5', '5', '0', '0', '2020-06-02 17:48:47', '2020-06-02 17:48:47', '0000-00-00 00:00:00'),
(566, 25, 9, 'https://pt-br.facebook.com/MaripaDeMinasmg/posts/1547551488726457?__tn__=-R', '2020-04-20', '0', '1', '0', '0', '0', '2020-06-02 17:51:19', '2020-06-02 17:51:19', '0000-00-00 00:00:00'),
(567, 42, 9, 'https://www.senadorcortes.mg.gov.br/coronavirus#divBoxBoletim', '2020-05-28', '4', '4', '20', '0', '0', '2020-06-02 17:53:01', '2020-06-02 17:53:01', '0000-00-00 00:00:00'),
(568, 10, 8, 'https://www.instagram.com/riopombamg/', '2020-06-02', '5', '10', '43', '1', '4', '2020-06-02 17:53:57', '2020-06-02 18:05:36', '0000-00-00 00:00:00'),
(569, 57, 8, 'https://www.saude.mg.gov.br/coronavirus/painel', '2020-06-03', '6368', '12010', '', '306', '5336', '0000-00-00 00:00:00', '2020-06-03 20:39:36', '0000-00-00 00:00:00'),
(570, 2, 12, 'https://www.facebook.com/pg/prefeitura.saogeraldo/posts/?ref=page_internal', '2020-06-02', '11', '2', '20', '', '', '2020-06-02 19:54:22', '2020-06-02 19:54:22', '0000-00-00 00:00:00'),
(571, 15, 12, 'https://www.facebook.com/319807681471511/photos/a.319945154791097/2968247326627520/?type=3&theater', '2020-06-02', '4', '0', '10', '', '', '2020-06-02 19:57:12', '2020-06-02 19:57:12', '0000-00-00 00:00:00'),
(572, 52, 15, 'https://www.facebook.com/photo?fbid=1475922422613148&set=pcb.1475922499279807', '2020-06-02', '26', '38', '', '3', '34', '2020-06-03 07:30:54', '2020-06-03 07:30:54', '0000-00-00 00:00:00'),
(573, 22, 15, 'https://www.facebook.com/photo/?fbid=738676770005938&set=a.170151256858495', '2020-06-02', '1', '1', '3', '', '', '2020-06-03 07:33:59', '2020-06-03 07:33:59', '0000-00-00 00:00:00'),
(574, 4, 12, 'dddddd', '2020-06-02', '2', '1', '3', '5', '4', '2020-06-03 10:22:20', '2020-06-03 10:23:15', '2020-06-03 10:23:15'),
(575, 4, 12, 'https://www.facebook.com/municipiosenadorfirmino/photos/a.1885397571781063/2680074918979987/?type=3&theater', '2020-06-02', '65', '0', '4', '', '', '2020-06-03 11:16:37', '2020-06-03 11:16:37', '0000-00-00 00:00:00'),
(576, 4, 12, 'Dd', '2020-06-03', '2', '1', '3', '5', '4', '2020-06-03 14:04:01', '2020-06-03 14:04:09', '2020-06-03 14:04:09'),
(577, 50, 7, 'https://covid19.pjf.mg.gov.br/', '2020-06-03', '4955', '689', '', '35', '', '2020-06-03 15:49:32', '2020-06-03 15:49:32', '0000-00-00 00:00:00'),
(578, 33, 7, 'https://www.bicas.mg.gov.br/detalhe-da-materia/info/boletim-coronavirus-de-bicas-e-do-estado-desta-quarta-feira-03-de-junho/37582', '2020-06-03', '3', '4', '35', '0', '1', '2020-06-03 15:50:47', '2020-06-03 15:50:47', '0000-00-00 00:00:00'),
(579, 26, 7, 'https://www.facebook.com/Prefeituramunicipalmatiasbarbosa/photos/pcb.145830013731425/145829913731435/?type=3&theater', '0000-00-00', '18', '5', '65', '0', '', '2020-06-03 15:52:54', '2020-06-03 15:52:54', '0000-00-00 00:00:00'),
(580, 36, 7, 'https://www.facebook.com/prefeituramunicipalderionovomg/photos/a.743187385753940/3858833727522608/?type=3&theater', '2020-06-03', '61', '4', '33', '0', '', '2020-06-03 15:55:18', '2020-06-03 15:55:18', '0000-00-00 00:00:00'),
(581, 2, 12, 'https://www.facebook.com/prefeitura.saogeraldo/photos/a.521884961212419/3142920919108797/?type=3&theater', '2020-06-02', '11', '2', '20', '', '', '2020-06-03 19:58:14', '2020-06-03 19:58:14', '0000-00-00 00:00:00'),
(582, 15, 12, 'https://www.facebook.com/319807681471511/photos/a.319945154791097/2970767966375456/?type=3&theater', '2020-06-03', '3', '1', '10', '', '', '2020-06-03 20:00:46', '2020-06-03 20:00:46', '0000-00-00 00:00:00'),
(583, 3, 12, 'https://www.instagram.com/p/CAdrkErpDFB/', '2020-05-21', '1', '0', '13', '', '', '2020-06-03 20:05:47', '2020-06-03 20:05:47', '0000-00-00 00:00:00'),
(584, 17, 6, 'https://www.facebook.com/PrefeituradeUba/', '2020-06-03', '12', '74', '52', '2', '', '2020-06-03 20:16:01', '2020-06-03 20:16:01', '0000-00-00 00:00:00'),
(585, 6, 6, 'https://www.facebook.com/prefeituravrbmg/', '2020-06-03', '3', '9', '54', '1', '7', '2020-06-03 20:19:06', '2020-06-03 20:19:23', '0000-00-00 00:00:00'),
(586, 16, 6, 'https://www.facebook.com/prefeituradetocantins/', '2020-06-03', '26', '10', '119', '0', '1', '2020-06-03 20:21:14', '2020-06-03 20:21:25', '0000-00-00 00:00:00'),
(587, 13, 6, 'https://www.facebook.com/prefeituraderodeiromg/', '2020-06-03', '1', '13', '38', '0', '10', '2020-06-03 20:22:58', '2020-06-03 20:22:58', '0000-00-00 00:00:00'),
(588, 7, 6, 'https://www.facebook.com/guiricema', '2020-06-03', '2', '0', '16', '0', '0', '2020-06-03 20:27:03', '2020-06-03 20:27:03', '0000-00-00 00:00:00'),
(589, 57, 8, 'https://www.saude.mg.gov.br/coronavirus/painel', '2020-06-02', '5532', '10939', '', '289', '5118', '2020-06-03 20:54:20', '2020-06-03 20:54:20', '0000-00-00 00:00:00'),
(590, 10, 8, 'https://www.instagram.com/riopombamg/  10', '2020-06-03', '4', '11', '50', '1', '4', '2020-06-03 20:56:53', '2020-06-03 20:56:53', '0000-00-00 00:00:00'),
(591, 8, 8, 'https://www.facebook.com/prefeiturademerces/', '2020-06-03', '0', '0', '113', '0', '0', '2020-06-03 21:00:10', '2020-06-03 21:00:10', '0000-00-00 00:00:00'),
(592, 11, 8, 'https://www.facebook.com/prefeituradetabuleiro/', '2020-06-03', '1', '2', '5', '0', '2', '2020-06-03 21:01:40', '2020-06-03 21:01:40', '0000-00-00 00:00:00'),
(593, 12, 8, 'https://www.facebook.com/Prefeitura-Municipal-de-Silveir%C3%A2nia', '2020-06-03', '0', '2', '1', '0', '0', '2020-06-03 21:03:05', '2020-06-03 21:03:05', '0000-00-00 00:00:00');

-- --------------------------------------------------------

--
-- Table structure for table `doacao`
--

CREATE TABLE `doacao` (
  `idDoacao` int(11) NOT NULL,
  `idMunicipio` int(11) NOT NULL,
  `tipoDoacao` varchar(100) NOT NULL,
  `informacoesDoacao` text NOT NULL,
  `created_at` datetime NOT NULL,
  `updated_at` datetime NOT NULL,
  `deleted_at` datetime NOT NULL
) ENGINE=InnoDB DEFAULT CHARSET=utf8;

-- --------------------------------------------------------

--
-- Table structure for table `microrregiao`
--

CREATE TABLE `microrregiao` (
  `idMicrorregiao` int(11) NOT NULL,
  `nomeMicrorregiao` varchar(100) DEFAULT NULL,
  `created_at` datetime NOT NULL,
  `updated_at` datetime NOT NULL,
  `deleted_at` datetime NOT NULL
) ENGINE=InnoDB DEFAULT CHARSET=utf8;

--
-- Dumping data for table `microrregiao`
--

INSERT INTO `microrregiao` (`idMicrorregiao`, `nomeMicrorregiao`, `created_at`, `updated_at`, `deleted_at`) VALUES
(1, 'Microrregião de Ubá', '0000-00-00 00:00:00', '0000-00-00 00:00:00', '0000-00-00 00:00:00'),
(2, 'Microrregião de Juiz de Fora', '0000-00-00 00:00:00', '0000-00-00 00:00:00', '0000-00-00 00:00:00'),
(3, 'Cidades Importantes', '0000-00-00 00:00:00', '0000-00-00 00:00:00', '0000-00-00 00:00:00'),
(4, 'Provisório', '0000-00-00 00:00:00', '0000-00-00 00:00:00', '0000-00-00 00:00:00');

-- --------------------------------------------------------

--
-- Table structure for table `municipio`
--

CREATE TABLE `municipio` (
  `idMunicipio` int(11) NOT NULL,
  `idMicrorregiao` int(11) NOT NULL,
  `nomeMunicipio` varchar(100) NOT NULL,
  `facebookMunicipio` varchar(100) DEFAULT NULL,
  `created_at` datetime NOT NULL,
  `updated_at` datetime NOT NULL,
  `deleted_at` datetime NOT NULL,
  `slugMunicipio` varchar(128) DEFAULT NULL
) ENGINE=InnoDB DEFAULT CHARSET=utf8;

--
-- Dumping data for table `municipio`
--

INSERT INTO `municipio` (`idMunicipio`, `idMicrorregiao`, `nomeMunicipio`, `facebookMunicipio`, `created_at`, `updated_at`, `deleted_at`, `slugMunicipio`) VALUES
(1, 1, 'Astolfo Dutra', 'PrefAstolfoDutra', '0000-00-00 00:00:00', '0000-00-00 00:00:00', '0000-00-00 00:00:00', 'astolfo-dutra'),
(2, 1, 'São Geraldo', 'prefeitura.saogeraldo', '0000-00-00 00:00:00', '0000-00-00 00:00:00', '0000-00-00 00:00:00', 'sao-geraldo'),
(3, 1, 'Dores do Turvo', 'doresdoturvo', '0000-00-00 00:00:00', '0000-00-00 00:00:00', '0000-00-00 00:00:00', 'dores-do-turvo'),
(4, 1, 'Senador Firmino', 'municipiosenadorfirmino', '0000-00-00 00:00:00', '0000-00-00 00:00:00', '0000-00-00 00:00:00', 'senador-firmino'),
(5, 1, 'Guidoval', 'prefeituradeguidoval', '0000-00-00 00:00:00', '0000-00-00 00:00:00', '0000-00-00 00:00:00', 'guidoval'),
(6, 1, 'Visconde do Rio Branco', 'prefeituravrbmg', '0000-00-00 00:00:00', '0000-00-00 00:00:00', '0000-00-00 00:00:00', 'visconde-do-rio-branco'),
(7, 1, 'Guiricema', 'guiricema', '0000-00-00 00:00:00', '0000-00-00 00:00:00', '0000-00-00 00:00:00', 'guiricema'),
(8, 1, 'Mercês', 'prefeiturademerces', '0000-00-00 00:00:00', '0000-00-00 00:00:00', '0000-00-00 00:00:00', 'merces'),
(9, 1, 'Piraúba', 'municipio.pirauba', '0000-00-00 00:00:00', '0000-00-00 00:00:00', '0000-00-00 00:00:00', 'pirauba'),
(10, 1, 'Rio Pomba', 'riopomba', '0000-00-00 00:00:00', '0000-00-00 00:00:00', '0000-00-00 00:00:00', 'rio-pomba'),
(11, 1, 'Tabuleiro', 'prefeituradetabuleiro', '0000-00-00 00:00:00', '0000-00-00 00:00:00', '0000-00-00 00:00:00', 'tabuleiro'),
(12, 1, 'Silveirânia', 'Prefeitura-Municipal-de-Silveirânia-2030149240557298', '0000-00-00 00:00:00', '0000-00-00 00:00:00', '0000-00-00 00:00:00', 'silverania'),
(13, 1, 'Rodeiro', 'prefeituraderodeiromg', '0000-00-00 00:00:00', '0000-00-00 00:00:00', '0000-00-00 00:00:00', 'rodeiro'),
(14, 1, 'Divinésia', 'prefeituraDivinesia', '0000-00-00 00:00:00', '0000-00-00 00:00:00', '0000-00-00 00:00:00', 'divinesia'),
(15, 1, 'Guarani', 'Prefeitura-Municipal-de-Guarani-205479812800138', '0000-00-00 00:00:00', '0000-00-00 00:00:00', '0000-00-00 00:00:00', 'guarani'),
(16, 1, 'Tocantins', 'prefeituradetocantins', '0000-00-00 00:00:00', '0000-00-00 00:00:00', '0000-00-00 00:00:00', 'tocantins'),
(17, 1, 'Ubá', 'PrefeituradeUba', '0000-00-00 00:00:00', '0000-00-00 00:00:00', '0000-00-00 00:00:00', 'uba'),
(18, 2, 'Ewbank da Câmara', 'prefeituradeewbankdacamara', '0000-00-00 00:00:00', '0000-00-00 00:00:00', '0000-00-00 00:00:00', 'ewbank-da-camara'),
(19, 2, 'Belmiro Braga', 'prefeituradebelmirobraga', '0000-00-00 00:00:00', '0000-00-00 00:00:00', '0000-00-00 00:00:00', 'belmiro-braga'),
(20, 2, 'Bias Fortes', 'PrefeituradeBiasFortes', '0000-00-00 00:00:00', '0000-00-00 00:00:00', '0000-00-00 00:00:00', 'bias-fortes'),
(21, 2, 'Lima Duarte', 'PrefeituraLD', '0000-00-00 00:00:00', '0000-00-00 00:00:00', '0000-00-00 00:00:00', 'lima-duarte'),
(22, 2, 'Chácara', 'prefeituradechacaramg', '0000-00-00 00:00:00', '0000-00-00 00:00:00', '0000-00-00 00:00:00', 'chacara'),
(23, 2, 'Coronel Pacheco', 'pmcpoficial', '0000-00-00 00:00:00', '0000-00-00 00:00:00', '0000-00-00 00:00:00', 'coronel-pacheco'),
(24, 2, 'Oliveira Fortes', 'Prefeituramunicipaldeolveirafortes', '0000-00-00 00:00:00', '0000-00-00 00:00:00', '0000-00-00 00:00:00', 'oliveira-fortes'),
(25, 2, 'Maripá de Minas', 'MaripaDeMinasmg', '0000-00-00 00:00:00', '0000-00-00 00:00:00', '0000-00-00 00:00:00', 'maripa-de-minas'),
(26, 2, 'Matias Barbosa', 'Prefeituramunicipalmatiasbarbosa', '0000-00-00 00:00:00', '0000-00-00 00:00:00', '0000-00-00 00:00:00', 'matias-barbosa'),
(27, 2, 'Mar de Espanha', 'prefeiturademardeespanha', '0000-00-00 00:00:00', '0000-00-00 00:00:00', '0000-00-00 00:00:00', 'mar-de-espanha'),
(28, 2, 'Paiva', 'prefeituradepaiva', '0000-00-00 00:00:00', '0000-00-00 00:00:00', '0000-00-00 00:00:00', 'paiva'),
(29, 2, 'Descoberto', 'prefeituradescoberto', '0000-00-00 00:00:00', '0000-00-00 00:00:00', '0000-00-00 00:00:00', 'descoberto'),
(30, 2, 'Aracitaba', 'pmaadm20172020', '0000-00-00 00:00:00', '0000-00-00 00:00:00', '0000-00-00 00:00:00', 'aracitaba'),
(31, 2, 'Goianá', 'PrefeituraMunicipalDeGoiana', '0000-00-00 00:00:00', '0000-00-00 00:00:00', '0000-00-00 00:00:00', 'goiana'),
(32, 2, 'Guarará', 'PrefeituraMunicipalDeGuarara', '0000-00-00 00:00:00', '0000-00-00 00:00:00', '0000-00-00 00:00:00', 'guarara'),
(33, 2, 'Bicas', 'prefeituradebicasadm20172020', '0000-00-00 00:00:00', '0000-00-00 00:00:00', '0000-00-00 00:00:00', 'bicas'),
(34, 2, 'Pequeri', 'prefeiturapequerimg', '0000-00-00 00:00:00', '0000-00-00 00:00:00', '0000-00-00 00:00:00', 'pequeri'),
(36, 2, 'Rio Novo', 'prefeituramunicipalderionovomg', '0000-00-00 00:00:00', '0000-00-00 00:00:00', '0000-00-00 00:00:00', 'rio-novo'),
(37, 2, 'Rio Preto', 'pmriopretominas', '0000-00-00 00:00:00', '0000-00-00 00:00:00', '0000-00-00 00:00:00', 'rio-preto'),
(38, 2, 'Piau', 'prefeituramunicipaldepiau', '0000-00-00 00:00:00', '0000-00-00 00:00:00', '0000-00-00 00:00:00', 'piau'),
(39, 2, 'Olaria', 'PrefeituraOL', '0000-00-00 00:00:00', '0000-00-00 00:00:00', '0000-00-00 00:00:00', 'olaria'),
(40, 2, 'Pedro Teixeira', 'PrefPtx', '0000-00-00 00:00:00', '0000-00-00 00:00:00', '0000-00-00 00:00:00', 'pedro-teixeira'),
(41, 2, 'Simão Pereira', 'prefeituradesimaopereira', '0000-00-00 00:00:00', '0000-00-00 00:00:00', '0000-00-00 00:00:00', 'simao-pereira'),
(42, 2, 'Senador Cortes', 'prefeiturasenadorcortes', '0000-00-00 00:00:00', '0000-00-00 00:00:00', '0000-00-00 00:00:00', 'senador-cortes'),
(43, 2, 'São João Nepomuceno', 'prefeiturasjnepomuceno', '0000-00-00 00:00:00', '0000-00-00 00:00:00', '0000-00-00 00:00:00', 'sao-joao-nepomuceno'),
(44, 2, 'Santos Dumont', 'Prefeitura-Municipal-de-Santos-Dumont-561920750577953', '0000-00-00 00:00:00', '0000-00-00 00:00:00', '0000-00-00 00:00:00', 'santos-dumont'),
(45, 2, 'Santana do Deserto', 'santanadodeserto', '0000-00-00 00:00:00', '0000-00-00 00:00:00', '0000-00-00 00:00:00', 'santana-do-deserto'),
(46, 2, 'Santa Rita do Jacutinga', 'Prefeitura-Municipal-de-Santa-Rita-de-Jacutinga-877687295659117', '0000-00-00 00:00:00', '0000-00-00 00:00:00', '0000-00-00 00:00:00', 'santa-rita-do-jacutinga'),
(47, 2, 'Santa Rita de Ibitipoca', 'Informe-Covid-19-Santa-Rita-de-Ibitipoca-MG-100574188269392', '0000-00-00 00:00:00', '0000-00-00 00:00:00', '0000-00-00 00:00:00', 'santa-rita-de-ibitipoca'),
(48, 2, 'Rochedo de Minas', 'PrefeituraMunicipalDeRochedoDeMinas', '0000-00-00 00:00:00', '0000-00-00 00:00:00', '0000-00-00 00:00:00', 'rochedo-de-minas'),
(49, 2, 'Santa Bárbara do Monte Verde', '', '0000-00-00 00:00:00', '0000-00-00 00:00:00', '0000-00-00 00:00:00', 'santa-barbara-do-monte-verde'),
(50, 2, 'Juiz de Fora', 'JuizdeForaPJF', '0000-00-00 00:00:00', '0000-00-00 00:00:00', '0000-00-00 00:00:00', 'juiz-de-fora'),
(51, 3, 'Barbacena', 'BarbacenaGov', '0000-00-00 00:00:00', '0000-00-00 00:00:00', '0000-00-00 00:00:00', 'barbacena'),
(52, 3, 'Cataguases', 'prefeituramunicipaldecataguasesmg', '0000-00-00 00:00:00', '0000-00-00 00:00:00', '0000-00-00 00:00:00', 'cataguases'),
(53, 3, 'Muriaé', 'Prefeiturademuriae', '0000-00-00 00:00:00', '0000-00-00 00:00:00', '0000-00-00 00:00:00', 'muriae'),
(54, 3, 'Leopoldina', 'camaramunicipaldeleopoldina', '0000-00-00 00:00:00', '0000-00-00 00:00:00', '0000-00-00 00:00:00', 'leopoldina'),
(55, 3, 'Viçosa', 'prefsvicosa', '0000-00-00 00:00:00', '0000-00-00 00:00:00', '0000-00-00 00:00:00', 'vicosa'),
(56, 2, 'Chiador', 'prefsChiador', '0000-00-00 00:00:00', '0000-00-00 00:00:00', '0000-00-00 00:00:00', 'chiador'),
(57, 4, 'Minas Gerais', 'secretariadeeducacaomg', '0000-00-00 00:00:00', '0000-00-00 00:00:00', '0000-00-00 00:00:00', 'minas-gerais');

-- --------------------------------------------------------

--
-- Table structure for table `noticia`
--

CREATE TABLE `noticia` (
  `idNoticia` int(11) NOT NULL,
  `idUsuario` int(11) NOT NULL,
  `idMunicipio` int(11) NOT NULL,
  `tituloNoticia` varchar(100) NOT NULL,
  `textoNoticia` text NOT NULL,
  `created_at` datetime NOT NULL,
  `updated_at` datetime NOT NULL,
  `deleted_at` datetime NOT NULL
) ENGINE=InnoDB DEFAULT CHARSET=utf8;

-- --------------------------------------------------------

--
-- Table structure for table `usuario`
--

CREATE TABLE `usuario` (
  `idUsuario` int(11) NOT NULL,
  `nomeUsuario` varchar(100) NOT NULL,
  `emailUsuario` varchar(100) NOT NULL,
  `senhaUsuario` varchar(100) NOT NULL,
  `created_at` datetime NOT NULL,
  `updated_at` datetime NOT NULL,
  `deleted_at` datetime NOT NULL
) ENGINE=InnoDB DEFAULT CHARSET=utf8;

--
-- Dumping data for table `usuario`
--

INSERT INTO `usuario` (`idUsuario`, `nomeUsuario`, `emailUsuario`, `senhaUsuario`, `created_at`, `updated_at`, `deleted_at`) VALUES
(1, 'Ariel', 'arielgranatob@gmail.com', '$2y$10$5TTiB6b/OVW0C275DXU28OQt8PIHzvJPE.aMwgioSKAlxoSwmpxuG', '0000-00-00 00:00:00', '0000-00-00 00:00:00', '0000-00-00 00:00:00'),
(2, 'Thiago', 'thiagomotax@gmail.com', '$2y$10$8aS2l8OsfiZHmR77EGWx3.Q2vYvWT5uzcrjEtFv54nJeUv3vt8Upa', '0000-00-00 00:00:00', '0000-00-00 00:00:00', '0000-00-00 00:00:00'),
(3, 'Misael', 'misaelg.freitas2000@gmail.com', '$2y$10$8aS2l8OsfiZHmR77EGWx3.Q2vYvWT5uzcrjEtFv54nJeUv3vt8Upa', '0000-00-00 00:00:00', '0000-00-00 00:00:00', '0000-00-00 00:00:00'),
(4, 'Bruno', 'brunojp178@gmail.com', '$2y$10$8aS2l8OsfiZHmR77EGWx3.Q2vYvWT5uzcrjEtFv54nJeUv3vt8Upa', '0000-00-00 00:00:00', '0000-00-00 00:00:00', '0000-00-00 00:00:00'),
(5, 'Talles', 'tallesyagofariacota@gmail.com', '$2y$10$8aS2l8OsfiZHmR77EGWx3.Q2vYvWT5uzcrjEtFv54nJeUv3vt8Upa', '0000-00-00 00:00:00', '0000-00-00 00:00:00', '0000-00-00 00:00:00'),
(6, 'Jesus', 'felipecandian95@gmail.com', '$2y$10$8aS2l8OsfiZHmR77EGWx3.Q2vYvWT5uzcrjEtFv54nJeUv3vt8Upa', '0000-00-00 00:00:00', '0000-00-00 00:00:00', '0000-00-00 00:00:00'),
(7, 'Gustavo', 'gustavo.teixeira@ifsudestemg.edu.br', '$2y$10$8aS2l8OsfiZHmR77EGWx3.Q2vYvWT5uzcrjEtFv54nJeUv3vt8Upa', '0000-00-00 00:00:00', '0000-00-00 00:00:00', '0000-00-00 00:00:00'),
(8, 'Wellington', 'wellington.moreira@ifsudestemg.edu.br', '$2y$10$MX4/nLMZvG96/lm4foHkc.68tUAK6IFdqo3XsC60SlAPS6NhR0Acm', '0000-00-00 00:00:00', '2020-05-31 18:08:45', '0000-00-00 00:00:00'),
(9, 'Lucas', 'lucas.lattari@ifsudestemg.edu.br', '$2y$10$xEzdcqI4QJSTAFAqG0SVR.G4eSBsz2BeB9faFfyNXzOcoTB.XrccC', '0000-00-00 00:00:00', '0000-00-00 00:00:00', '0000-00-00 00:00:00'),
(10, 'Flávio', 'flavio.freitas@ifsudestemg.edu.br', '$2y$10$8aS2l8OsfiZHmR77EGWx3.Q2vYvWT5uzcrjEtFv54nJeUv3vt8Upa', '0000-00-00 00:00:00', '0000-00-00 00:00:00', '0000-00-00 00:00:00'),
(11, 'Willian', 'wliberatoc@gmail.com', '$2y$10$8aS2l8OsfiZHmR77EGWx3.Q2vYvWT5uzcrjEtFv54nJeUv3vt8Upa', '0000-00-00 00:00:00', '0000-00-00 00:00:00', '0000-00-00 00:00:00'),
(12, 'Felipe', 'felipemdb5@gmail.com', '$2y$10$8aS2l8OsfiZHmR77EGWx3.Q2vYvWT5uzcrjEtFv54nJeUv3vt8Upa', '0000-00-00 00:00:00', '0000-00-00 00:00:00', '0000-00-00 00:00:00'),
(13, 'Letícia', 'lettciaszza@outlook.com', '$2y$10$8aS2l8OsfiZHmR77EGWx3.Q2vYvWT5uzcrjEtFv54nJeUv3vt8Upa', '0000-00-00 00:00:00', '0000-00-00 00:00:00', '0000-00-00 00:00:00'),
(14, 'Rafael', 'rafael.dias.cont.pro@gmail.com', '$2y$10$8aS2l8OsfiZHmR77EGWx3.Q2vYvWT5uzcrjEtFv54nJeUv3vt8Upa', '0000-00-00 00:00:00', '0000-00-00 00:00:00', '0000-00-00 00:00:00'),
(15, 'Josué', 'josuelopesfreitas16@gmail.com', '$2y$10$8aS2l8OsfiZHmR77EGWx3.Q2vYvWT5uzcrjEtFv54nJeUv3vt8Upa', '0000-00-00 00:00:00', '0000-00-00 00:00:00', '0000-00-00 00:00:00');

-- --------------------------------------------------------

--
-- Table structure for table `usuario_municipio`
--

CREATE TABLE `usuario_municipio` (
  `idUsuario_municipio` int(11) NOT NULL,
  `idMunicipio` int(11) NOT NULL,
  `idUsuario` int(11) NOT NULL,
  `created_at` datetime NOT NULL,
  `updated_at` datetime NOT NULL,
  `deleted_at` datetime NOT NULL
) ENGINE=InnoDB DEFAULT CHARSET=utf8;

--
-- Dumping data for table `usuario_municipio`
--

INSERT INTO `usuario_municipio` (`idUsuario_municipio`, `idMunicipio`, `idUsuario`, `created_at`, `updated_at`, `deleted_at`) VALUES
(1, 17, 6, '0000-00-00 00:00:00', '0000-00-00 00:00:00', '0000-00-00 00:00:00'),
(2, 6, 6, '0000-00-00 00:00:00', '0000-00-00 00:00:00', '0000-00-00 00:00:00'),
(3, 16, 6, '0000-00-00 00:00:00', '0000-00-00 00:00:00', '0000-00-00 00:00:00'),
(4, 7, 6, '0000-00-00 00:00:00', '0000-00-00 00:00:00', '0000-00-00 00:00:00'),
(5, 5, 6, '0000-00-00 00:00:00', '0000-00-00 00:00:00', '0000-00-00 00:00:00'),
(6, 13, 6, '0000-00-00 00:00:00', '0000-00-00 00:00:00', '0000-00-00 00:00:00'),
(7, 10, 8, '0000-00-00 00:00:00', '0000-00-00 00:00:00', '0000-00-00 00:00:00'),
(8, 9, 8, '0000-00-00 00:00:00', '0000-00-00 00:00:00', '0000-00-00 00:00:00'),
(9, 8, 8, '0000-00-00 00:00:00', '0000-00-00 00:00:00', '0000-00-00 00:00:00'),
(10, 11, 8, '0000-00-00 00:00:00', '0000-00-00 00:00:00', '0000-00-00 00:00:00'),
(11, 12, 8, '0000-00-00 00:00:00', '0000-00-00 00:00:00', '0000-00-00 00:00:00'),
(12, 1, 10, '0000-00-00 00:00:00', '0000-00-00 00:00:00', '0000-00-00 00:00:00'),
(13, 44, 10, '0000-00-00 00:00:00', '0000-00-00 00:00:00', '0000-00-00 00:00:00'),
(14, 40, 10, '0000-00-00 00:00:00', '0000-00-00 00:00:00', '0000-00-00 00:00:00'),
(15, 2, 12, '0000-00-00 00:00:00', '0000-00-00 00:00:00', '0000-00-00 00:00:00'),
(16, 15, 12, '0000-00-00 00:00:00', '0000-00-00 00:00:00', '0000-00-00 00:00:00'),
(17, 4, 12, '0000-00-00 00:00:00', '0000-00-00 00:00:00', '0000-00-00 00:00:00'),
(18, 3, 12, '0000-00-00 00:00:00', '0000-00-00 00:00:00', '0000-00-00 00:00:00'),
(19, 14, 9, '0000-00-00 00:00:00', '0000-00-00 00:00:00', '0000-00-00 00:00:00'),
(20, 27, 9, '0000-00-00 00:00:00', '0000-00-00 00:00:00', '0000-00-00 00:00:00'),
(21, 45, 9, '0000-00-00 00:00:00', '0000-00-00 00:00:00', '0000-00-00 00:00:00'),
(22, 25, 9, '0000-00-00 00:00:00', '0000-00-00 00:00:00', '0000-00-00 00:00:00'),
(23, 42, 9, '0000-00-00 00:00:00', '0000-00-00 00:00:00', '0000-00-00 00:00:00'),
(24, 50, 7, '0000-00-00 00:00:00', '0000-00-00 00:00:00', '0000-00-00 00:00:00'),
(25, 33, 7, '0000-00-00 00:00:00', '0000-00-00 00:00:00', '0000-00-00 00:00:00'),
(26, 26, 7, '0000-00-00 00:00:00', '0000-00-00 00:00:00', '0000-00-00 00:00:00'),
(27, 36, 7, '0000-00-00 00:00:00', '0000-00-00 00:00:00', '0000-00-00 00:00:00'),
(28, 31, 7, '0000-00-00 00:00:00', '0000-00-00 00:00:00', '0000-00-00 00:00:00'),
(29, 34, 7, '0000-00-00 00:00:00', '0000-00-00 00:00:00', '0000-00-00 00:00:00'),
(30, 23, 7, '0000-00-00 00:00:00', '0000-00-00 00:00:00', '0000-00-00 00:00:00'),
(31, 38, 7, '0000-00-00 00:00:00', '0000-00-00 00:00:00', '0000-00-00 00:00:00'),
(32, 41, 7, '0000-00-00 00:00:00', '0000-00-00 00:00:00', '0000-00-00 00:00:00'),
(33, 43, 13, '0000-00-00 00:00:00', '0000-00-00 00:00:00', '0000-00-00 00:00:00'),
(34, 21, 13, '0000-00-00 00:00:00', '0000-00-00 00:00:00', '0000-00-00 00:00:00'),
(35, 37, 13, '0000-00-00 00:00:00', '0000-00-00 00:00:00', '0000-00-00 00:00:00'),
(36, 46, 14, '0000-00-00 00:00:00', '0000-00-00 00:00:00', '0000-00-00 00:00:00'),
(37, 29, 14, '0000-00-00 00:00:00', '0000-00-00 00:00:00', '0000-00-00 00:00:00'),
(38, 32, 14, '0000-00-00 00:00:00', '0000-00-00 00:00:00', '0000-00-00 00:00:00'),
(39, 20, 14, '0000-00-00 00:00:00', '0000-00-00 00:00:00', '0000-00-00 00:00:00'),
(40, 18, 14, '0000-00-00 00:00:00', '0000-00-00 00:00:00', '0000-00-00 00:00:00'),
(41, 51, 13, '0000-00-00 00:00:00', '0000-00-00 00:00:00', '0000-00-00 00:00:00'),
(42, 52, 15, '0000-00-00 00:00:00', '0000-00-00 00:00:00', '0000-00-00 00:00:00'),
(43, 53, 11, '0000-00-00 00:00:00', '0000-00-00 00:00:00', '0000-00-00 00:00:00'),
(44, 54, 11, '0000-00-00 00:00:00', '0000-00-00 00:00:00', '0000-00-00 00:00:00'),
(45, 55, 11, '0000-00-00 00:00:00', '0000-00-00 00:00:00', '0000-00-00 00:00:00'),
(46, 39, 10, '0000-00-00 00:00:00', '0000-00-00 00:00:00', '0000-00-00 00:00:00'),
(47, 47, 10, '0000-00-00 00:00:00', '0000-00-00 00:00:00', '0000-00-00 00:00:00'),
(48, 19, 15, '0000-00-00 00:00:00', '0000-00-00 00:00:00', '0000-00-00 00:00:00'),
(49, 22, 15, '0000-00-00 00:00:00', '0000-00-00 00:00:00', '0000-00-00 00:00:00'),
(50, 49, 15, '0000-00-00 00:00:00', '0000-00-00 00:00:00', '0000-00-00 00:00:00'),
(51, 24, 15, '0000-00-00 00:00:00', '0000-00-00 00:00:00', '0000-00-00 00:00:00'),
(52, 56, 15, '0000-00-00 00:00:00', '0000-00-00 00:00:00', '0000-00-00 00:00:00'),
(53, 48, 11, '0000-00-00 00:00:00', '0000-00-00 00:00:00', '0000-00-00 00:00:00'),
(54, 30, 11, '0000-00-00 00:00:00', '0000-00-00 00:00:00', '0000-00-00 00:00:00'),
(55, 28, 11, '0000-00-00 00:00:00', '0000-00-00 00:00:00', '0000-00-00 00:00:00'),
(56, 57, 8, '0000-00-00 00:00:00', '0000-00-00 00:00:00', '0000-00-00 00:00:00');

--
-- Indexes for dumped tables
--

--
-- Indexes for table `alerta`
--
ALTER TABLE `alerta`
  ADD PRIMARY KEY (`idAlerta`),
  ADD KEY `idLocalizacaoJ_idx` (`idMunicipio`);

--
-- Indexes for table `caso`
--
ALTER TABLE `caso`
  ADD PRIMARY KEY (`idCaso`),
  ADD KEY `idLocalizacao_idx` (`idMunicipio`),
  ADD KEY `fk_Caso_Usuario1_idx` (`idUsuario`);

--
-- Indexes for table `doacao`
--
ALTER TABLE `doacao`
  ADD PRIMARY KEY (`idDoacao`),
  ADD KEY `idLocalizacaoC_idx` (`idMunicipio`);

--
-- Indexes for table `microrregiao`
--
ALTER TABLE `microrregiao`
  ADD PRIMARY KEY (`idMicrorregiao`);

--
-- Indexes for table `municipio`
--
ALTER TABLE `municipio`
  ADD PRIMARY KEY (`idMunicipio`),
  ADD KEY `fk_municipio_microrregiao` (`idMicrorregiao`);

--
-- Indexes for table `noticia`
--
ALTER TABLE `noticia`
  ADD PRIMARY KEY (`idNoticia`),
  ADD KEY `idUsuarioZ_idx` (`idUsuario`),
  ADD KEY `idLocalizacaoZ_idx` (`idMunicipio`);

--
-- Indexes for table `usuario`
--
ALTER TABLE `usuario`
  ADD PRIMARY KEY (`idUsuario`);

--
-- Indexes for table `usuario_municipio`
--
ALTER TABLE `usuario_municipio`
  ADD PRIMARY KEY (`idUsuario_municipio`),
  ADD KEY `fk_Usuarios_municipios_Municipio1_idx` (`idMunicipio`),
  ADD KEY `fk_Usuarios_municipios_Usuario1_idx` (`idUsuario`);

--
-- AUTO_INCREMENT for dumped tables
--

--
-- AUTO_INCREMENT for table `alerta`
--
ALTER TABLE `alerta`
  MODIFY `idAlerta` int(11) NOT NULL AUTO_INCREMENT;

--
-- AUTO_INCREMENT for table `caso`
--
ALTER TABLE `caso`
  MODIFY `idCaso` int(11) NOT NULL AUTO_INCREMENT, AUTO_INCREMENT=594;

--
-- AUTO_INCREMENT for table `doacao`
--
ALTER TABLE `doacao`
  MODIFY `idDoacao` int(11) NOT NULL AUTO_INCREMENT;

--
-- AUTO_INCREMENT for table `municipio`
--
ALTER TABLE `municipio`
  MODIFY `idMunicipio` int(11) NOT NULL AUTO_INCREMENT, AUTO_INCREMENT=58;

--
-- AUTO_INCREMENT for table `noticia`
--
ALTER TABLE `noticia`
  MODIFY `idNoticia` int(11) NOT NULL AUTO_INCREMENT;

--
-- AUTO_INCREMENT for table `usuario`
--
ALTER TABLE `usuario`
  MODIFY `idUsuario` int(11) NOT NULL AUTO_INCREMENT, AUTO_INCREMENT=21;

--
-- Constraints for dumped tables
--

--
-- Constraints for table `alerta`
--
ALTER TABLE `alerta`
  ADD CONSTRAINT `idMunicipioJ` FOREIGN KEY (`idMunicipio`) REFERENCES `municipio` (`idMunicipio`) ON DELETE NO ACTION ON UPDATE NO ACTION;

--
-- Constraints for table `caso`
--
ALTER TABLE `caso`
  ADD CONSTRAINT `fk_Caso_Usuario1` FOREIGN KEY (`idUsuario`) REFERENCES `usuario` (`idUsuario`) ON DELETE NO ACTION ON UPDATE NO ACTION,
  ADD CONSTRAINT `idMunicipioY` FOREIGN KEY (`idMunicipio`) REFERENCES `municipio` (`idMunicipio`) ON DELETE NO ACTION ON UPDATE NO ACTION;

--
-- Constraints for table `doacao`
--
ALTER TABLE `doacao`
  ADD CONSTRAINT `idMunicipioH` FOREIGN KEY (`idMunicipio`) REFERENCES `municipio` (`idMunicipio`) ON DELETE NO ACTION ON UPDATE NO ACTION;

--
-- Constraints for table `municipio`
--
ALTER TABLE `municipio`
  ADD CONSTRAINT `fk_municipio_microrregiao` FOREIGN KEY (`idMicrorregiao`) REFERENCES `microrregiao` (`idMicrorregiao`);

--
-- Constraints for table `noticia`
--
ALTER TABLE `noticia`
  ADD CONSTRAINT `idMunicipioZ` FOREIGN KEY (`idMunicipio`) REFERENCES `municipio` (`idMunicipio`) ON DELETE NO ACTION ON UPDATE NO ACTION,
  ADD CONSTRAINT `idUsuarioZ` FOREIGN KEY (`idUsuario`) REFERENCES `usuario` (`idUsuario`) ON DELETE NO ACTION ON UPDATE NO ACTION;

--
-- Constraints for table `usuario_municipio`
--
ALTER TABLE `usuario_municipio`
  ADD CONSTRAINT `fk_Usuarios_municipios_Municipio1` FOREIGN KEY (`idMunicipio`) REFERENCES `municipio` (`idMunicipio`) ON DELETE NO ACTION ON UPDATE NO ACTION,
  ADD CONSTRAINT `fk_Usuarios_municipios_Usuario1` FOREIGN KEY (`idUsuario`) REFERENCES `usuario` (`idUsuario`) ON DELETE NO ACTION ON UPDATE NO ACTION;
COMMIT;

/*!40101 SET CHARACTER_SET_CLIENT=@OLD_CHARACTER_SET_CLIENT */;
/*!40101 SET CHARACTER_SET_RESULTS=@OLD_CHARACTER_SET_RESULTS */;
/*!40101 SET COLLATION_CONNECTION=@OLD_COLLATION_CONNECTION */;
